Re,sigma,omega,residual,C_D,C_L,L_r
20.0,-0.09694798504092822,5.4366983691026734e-17,1.2675654944407277e-14,2.0696274846216918,-1.8861847800751702e-05,0.9225372129711525
30.0,-0.08813347589470172,0.7029615186686016,3.994829581507161e-15,1.7359228859139413,-1.0091549745665923e-05,1.5952621193239285
40.0,-0.02994905477702617,0.7335885158062675,1.624883955409916e-14,1.5424126559102858,-3.27314597959108e-06,2.25796308072202
44.0,-0.010773096431761414,0.7416604524854744,5.700510887983732e-15,1.4847664479506095,-1.0796162067741588e-06,2.5255788793169365
48.0,0.006375824390172424,0.747754484721795,6.1436228443959034e-15,1.4346307245910512,5.942719064171154e-07,2.7876873875894073
52.0,0.021751931721871426,0.7522260217410714,8.113860151558e-15,1.390476937722048,1.678201162777157e-06,3.05009105645462
56.0,0.035582175433626406,0.7553415179340419,9.973575829594809e-15,1.3511805661734038,2.16518863976195e-06,3.312675881405379
60.0,0.04805825717042406,0.7573036606895617,1.0945224873104605e-14,1.3158939644878145,2.1152111107742774e-06,3.572574682122228
70.0,0.07431836427603618,0.7581303964009312,1.555315977310515e-14,1.241276679286268,7.383310817827768e-07,4.216608925081825
80.0,0.09497527682776344,0.7544422219660513,1.5551324843814962e-14,1.1810102092790864,7.93555910553502e-07,4.852503754592872
