lambda_FE,m,lambda_exact,relative_error
-1.919546308860961448e+00,0.000000000000000000e+00,-1.918324937096648197e+00,6.366865908346974875e-04
-2.088626763069966863e+00,1.000000000000000000e+00,-2.087661866198605498e+00,4.621902076117010696e-04
-2.088755152025250084e+00,1.000000000000000000e+00,-2.087661866198605498e+00,5.236891300962135667e-04
-2.801920120238959644e+00,2.000000000000000000e+00,-2.801271705335626638e+00,2.314716212989833914e-04
-2.802051565901129138e+00,2.000000000000000000e+00,-2.801271705335626638e+00,2.783951888769256220e-04
-4.564705653608354119e+00,3.000000000000000000e+00,-4.564834037464270189e+00,2.812453965739051523e-05
-4.565065737518602340e+00,3.000000000000000000e+00,-4.564834037464270189e+00,5.075760749033908156e-05
-7.900987344231511500e+00,4.000000000000000000e+00,-7.903607766129680634e+00,3.315475635568297988e-04
-7.901625057934468899e+00,4.000000000000000000e+00,-7.903607766129680634e+00,2.508611578257315513e-04
-1.320562681802031690e+01,5.000000000000000000e+00,-1.321550908409401437e+01,7.477779335486674402e-04
-1.320718085496424621e+01,5.000000000000000000e+00,-1.321550908409401437e+01,6.301860243728249662e-04
-1.466736485707813742e+01,0.000000000000000000e+00,-1.467316360547325083e+01,3.951941483805448550e-04
-1.545418899642807808e+01,1.000000000000000000e+00,-1.546119684705062802e+01,4.532540845236540205e-04
-1.545608280036664262e+01,1.000000000000000000e+00,-1.546119684705062802e+01,3.307665463790379580e-04
-1.815169729292695422e+01,2.000000000000000000e+00,-1.816198978408560549e+01,5.667050406376751125e-04
-1.815341736178128329e+01,2.000000000000000000e+00,-1.816198978408560549e+01,4.719979697287223852e-04
-2.086330733447208985e+01,6.000000000000000000e+00,-2.088864072351944401e+01,1.212783032781552693e-03
-2.086526628591359156e+01,6.000000000000000000e+00,-2.088864072351944401e+01,1.119002328358021780e-03
-2.368301493631468091e+01,3.000000000000000000e+00,-2.370262412577895716e+01,8.273003596656336445e-04
-2.368633043457215237e+01,3.000000000000000000e+00,-2.370262412577895716e+01,6.874214061844649863e-04
