v0,f,lam_star_re,lam_star_im,lead_re,lead_im,max_abs_z,residual,t_newton,time
0.0,-1.5359023697336617e-05,-1.5359023697336617e-05,0.0,-1.5359023697336617e-05,0.0,0.0,9.471757166513002e-08,0.18125414848327637,20.993598222732544
0.1,-1.0206614588762325e-05,-1.0206614588762325e-05,0.0,-1.0206614588762325e-05,0.0,0.0,0.00022169070973133425,110.4883074760437,128.35657835006714
0.2,-4.162118329532357e-06,-4.162118329532357e-06,0.0,-4.162118329532357e-06,0.0,0.0,0.00012248130058058746,110.088449716568,127.70267295837402
0.3,1.889698980835693e-05,1.889698980835693e-05,0.0,1.889698980835693e-05,0.0,0.0,5.3931849020076265e-05,110.50550127029419,127.89839386940002
0.25,8.730295496443009e-07,8.730295496443009e-07,0.0,8.730295496443009e-07,0.0,0.0,0.00043150173765750137,110.21783494949341,128.05090832710266
0.225,-2.1896383619205417e-06,-2.1896383619205417e-06,0.0,-2.1896383619205417e-06,0.0,0.0,0.0002125028086428239,108.02037382125854,126.84254312515259
0.2375,-9.171563844425647e-07,-9.171563844425647e-07,0.0,-9.171563844425647e-07,0.0,0.0,0.0006759685556294683,106.28048276901245,124.61483526229858
0.24375,-1.1726284725432054e-07,-1.1726284725432054e-07,0.0,-1.1726284725432054e-07,0.0,0.0,0.00309555622983021,111.0226776599884,129.3356544971466
0.246875,3.4883857697236763e-07,3.4883857697236763e-07,0.0,3.4883857697236763e-07,0.0,0.0,0.0017046889083563832,110.30380344390869,128.43564200401306
0.2453125,1.0924278768063885e-07,1.0924278768063885e-07,0.0,1.0924278768063885e-07,0.0,0.0,0.0018612482776771116,109.02098727226257,127.93326997756958
0.24453124999999998,-5.56148378675586e-09,-5.56148378675586e-09,0.0,-5.56148378675586e-09,0.0,0.0,0.015996151467319815,108.6601951122284,126.54896450042725
0.24492187499999998,5.144241147010553e-08,5.144241147010553e-08,0.0,5.144241147010553e-08,0.0,0.0,0.029178012471393868,110.59710717201233,128.7619071006775
0.24472656249999997,2.2842368435826015e-08,2.2842368435826015e-08,0.0,2.2842368435826015e-08,0.0,0.0,0.020122808509030324,108.76954650878906,126.87697553634644
