"start:0","start:1","start:2","end:0","end:1","end:2"
0.3477621439363374, 0.4155260500708989, 0.0,0.4228686956113277, 0.4174697137846844, 0.0
0.2750000001065145, 0.2066987298722743, 0.0,0.3275508100376771, 0.2033039049628373, 0.0
0.3275508100376771, 0.2033039049628373, 0.0,0.3013316449844984, 0.1627813302958039, 0.0
0.3477621439363374, 0.4155260500708989, 0.0,0.365609376968837, 0.352923876216008, 0.0
0.225, 0.2066987298107781, 0.0,0.2750000001065145, 0.2066987298722743, 0.0
0.1448762582512679, 0.4336222921884362, 0.0,0.075904371397585, 0.42048575400399, 0.0
0.152237856074175, 0.08447394991795305, 0.0,0.077131304401208, 0.08253028614455482, 0.0
0.0, 0.1000000000004161, 0.0,0.077131304401208, 0.08253028614455482, 0.0
0.0, 0.3999999999999999, 0.0,0.0, 0.3000000000006934, 0.0
0.06871197315407464, 0.1635553271651953, 0.0,0.077131304401208, 0.08253028614455482, 0.0
0.2545333993595725, 0.153620202093081, 0.0,0.1969744709946278, 0.1456077809806712, 0.0
0.2000000000008322, 0.5, 0.0,0.2642116167225872, 0.4216025403619617, 0.0
0.3, 0.25, 0.0,0.3275508099883994, 0.2966960952664957, 0.0
0.4228686956113277, 0.4174697137846844, 0.0,0.365609376968837, 0.352923876216008, 0.0
0.5, 0.2999999999994734, 0.0,0.5, 0.3999999999997367, 0.0
0.1999999999994874, 0.0, 0.0,0.152237856074175, 0.08447394991795305, 0.0
0.1724491900074975, 0.2033039045999341, 0.0,0.1343906230560727, 0.1470761236338803, 0.0
0.5, 0.09999999999977893, 0.0,0.4312880268323815, 0.1635553274568156, 0.0
0.5, 0.2999999999994734, 0.0,0.4213786076203834, 0.2500000000767448, 0.0
0.0, 0.0, 0.0,0.077131304401208, 0.08253028614455482, 0.0
0.3275508100376771, 0.2033039049628373, 0.0,0.3790347542268255, 0.2028023346506997, 0.0
0.2999999999994734, 0.0, 0.0,0.3999999999997367, 0.0, 0.0
0.0, 0.3000000000006934, 0.0,0.0, 0.2000000000008322, 0.0
0.2454666006719159, 0.3463797979597854, 0.0,0.1991768046093169, 0.3986118099250135, 0.0
0.3013316449844984, 0.1627813302958039, 0.0,0.3008231954047452, 0.1013881900864736, 0.0
0.0, 0.5, 0.0,0.1000000000004161, 0.5, 0.0
0.07862139236857617, 0.2499999998691674, 0.0,0.1209652458093011, 0.2028023342352513, 0.0
0.4312880268323815, 0.1635553274568156, 0.0,0.4240956285949571, 0.07951424598467248, 0.0
0.3, 0.25, 0.0,0.3275508100376771, 0.2033039049628373, 0.0
0.1432056763371375, 0.2499999997581953, 0.0,0.1209652458093011, 0.2028023342352513, 0.0
0.1000000000004161, 0.5, 0.0,0.075904371397585, 0.42048575400399, 0.0
0.3477621439363374, 0.4155260500708989, 0.0,0.3030255290241451, 0.354392218965379, 0.0
0.2749999999344981, 0.2933012702270394, 0.0,0.3275508099883994, 0.2966960952664957, 0.0
0.1209652458093011, 0.2028023342352513, 0.0,0.1343906230560727, 0.1470761236338803, 0.0
0.2, 0.2499999998055003, 0.0,0.1724491900074975, 0.2033039045999341, 0.0
0.5, 0.3999999999997367, 0.0,0.4312880268404962, 0.3364446727313778, 0.0
0.0, 0.2000000000008322, 0.0,0.07862139236857617, 0.2499999998691674, 0.0
0.1986683550422619, 0.3372186697253028, 0.0,0.1991768046093169, 0.3986118099250135, 0.0
0.3567943236536201, 0.2500000001243254, 0.0,0.3790347541988064, 0.2971976656210074, 0.0
0.3275508100376771, 0.2033039049628373, 0.0,0.3567943236536201, 0.2500000001243254, 0.0
0.3275508099883994, 0.2966960952664957, 0.0,0.365609376968837, 0.352923876216008, 0.0
0.07862139236857617, 0.2499999998691674, 0.0,0.06871197315407464, 0.1635553271651953, 0.0
0.5, 0.0, 0.0,0.4240956285949571, 0.07951424598467248, 0.0
0.1724491899640032, 0.2966960949987426, 0.0,0.1986683550422619, 0.3372186697253028, 0.0
0.4312880268323815, 0.1635553274568156, 0.0,0.3581620029900653, 0.1471524406327754, 0.0
0.5, 0.09999999999977893, 0.0,0.5, 0.1999999999994874, 0.0
0.1724491900074975, 0.2033039045999341, 0.0,0.1969744709946278, 0.1456077809806712, 0.0
0.2, 0.2499999998055003, 0.0,0.1724491899640032, 0.2966960949987426, 0.0
0.2000000000008322, 0.5, 0.0,0.1991768046093169, 0.3986118099250135, 0.0
0.3790347541988064, 0.2971976656210074, 0.0,0.365609376968837, 0.352923876216008, 0.0
0.0, 0.3000000000006934, 0.0,0.06871197316678963, 0.3364446725209087, 0.0
0.0, 0.1000000000004161, 0.0,0.06871197315407464, 0.1635553271651953, 0.0
0.06871197316678963, 0.3364446725209087, 0.0,0.075904371397585, 0.42048575400399, 0.0
0.09999999999977893, 0.0, 0.0,0.1999999999994874, 0.0, 0.0
0.2000000000008322, 0.5, 0.0,0.1000000000004161, 0.5, 0.0
0.5, 0.5, 0.0,0.5, 0.3999999999997367, 0.0
0.225, 0.2933012701892219, 0.0,0.1986683550422619, 0.3372186697253028, 0.0
0.3013316449844984, 0.1627813302958039, 0.0,0.3581620029900653, 0.1471524406327754, 0.0
0.3790347542268255, 0.2028023346506997, 0.0,0.3581620029900653, 0.1471524406327754, 0.0
0.1999999999994874, 0.0, 0.0,0.2999999999994734, 0.0, 0.0
0.0, 0.0, 0.0,0.09999999999977893, 0.0, 0.0
0.0, 0.5, 0.0,0.075904371397585, 0.42048575400399, 0.0
0.1724491900074975, 0.2033039045999341, 0.0,0.1432056763371375, 0.2499999997581953, 0.0
0.3275508099883994, 0.2966960952664957, 0.0,0.3030255290241451, 0.354392218965379, 0.0
0.1986683550422619, 0.3372186697253028, 0.0,0.1418379969670364, 0.352847559314595, 0.0
0.1969744709946278, 0.1456077809806712, 0.0,0.1343906230560727, 0.1470761236338803, 0.0
0.3008231954047452, 0.1013881900864736, 0.0,0.3581620029900653, 0.1471524406327754, 0.0
0.0, 0.3999999999999999, 0.0,0.075904371397585, 0.42048575400399, 0.0
0.2454666006719159, 0.3463797979597854, 0.0,0.3030255290241451, 0.354392218965379, 0.0
0.1991768046093169, 0.3986118099250135, 0.0,0.1418379969670364, 0.352847559314595, 0.0
0.077131304401208, 0.08253028614455482, 0.0,0.1343906230560727, 0.1470761236338803, 0.0
0.225, 0.2933012701892219, 0.0,0.1724491899640032, 0.2966960949987426, 0.0
0.3275508100376771, 0.2033039049628373, 0.0,0.3581620029900653, 0.1471524406327754, 0.0
0.3000000000006934, 0.5, 0.0,0.3477621439363374, 0.4155260500708989, 0.0
0.1000000000004161, 0.5, 0.0,0.1448762582512679, 0.4336222921884362, 0.0
0.1724491899640032, 0.2966960949987426, 0.0,0.1432056763371375, 0.2499999997581953, 0.0
0.3275508099883994, 0.2966960952664957, 0.0,0.3567943236536201, 0.2500000001243254, 0.0
0.3999999999999999, 0.5, 0.0,0.3000000000006934, 0.5, 0.0
0.3999999999997367, 0.0, 0.0,0.3551237417475596, 0.06637770781866503, 0.0
0.4312880268404962, 0.3364446727313778, 0.0,0.4228686956113277, 0.4174697137846844, 0.0
0.4312880268404962, 0.3364446727313778, 0.0,0.365609376968837, 0.352923876216008, 0.0
0.235788383347302, 0.07839745967851658, 0.0,0.3008231954047452, 0.1013881900864736, 0.0
0.09999999999977893, 0.0, 0.0,0.152237856074175, 0.08447394991795305, 0.0
0.3999999999997367, 0.0, 0.0,0.4240956285949571, 0.07951424598467248, 0.0
0.06871197315407464, 0.1635553271651953, 0.0,0.1209652458093011, 0.2028023342352513, 0.0
0.5, 0.0, 0.0,0.3999999999997367, 0.0, 0.0
0.3551237417475596, 0.06637770781866503, 0.0,0.3008231954047452, 0.1013881900864736, 0.0
0.5, 0.5, 0.0,0.4228686956113277, 0.4174697137846844, 0.0
0.3, 0.25, 0.0,0.3567943236536201, 0.2500000001243254, 0.0
0.225, 0.2933012701892219, 0.0,0.2749999999344981, 0.2933012702270394, 0.0
0.3000000000006934, 0.5, 0.0,0.2000000000008322, 0.5, 0.0
0.2749999999344981, 0.2933012702270394, 0.0,0.3030255290241451, 0.354392218965379, 0.0
0.2642116167225872, 0.4216025403619617, 0.0,0.1991768046093169, 0.3986118099250135, 0.0
0.1448762582512679, 0.4336222921884362, 0.0,0.1991768046093169, 0.3986118099250135, 0.0
0.5, 0.2999999999994734, 0.0,0.4312880268404962, 0.3364446727313778, 0.0
0.5, 0.1999999999994874, 0.0,0.5, 0.2999999999994734, 0.0
0.3999999999999999, 0.5, 0.0,0.4228686956113277, 0.4174697137846844, 0.0
0.3551237417475596, 0.06637770781866503, 0.0,0.4240956285949571, 0.07951424598467248, 0.0
0.075904371397585, 0.42048575400399, 0.0,0.1418379969670364, 0.352847559314595, 0.0
0.0, 0.3999999999999999, 0.0,0.06871197316678963, 0.3364446725209087, 0.0
0.0, 0.2000000000008322, 0.0,0.06871197315407464, 0.1635553271651953, 0.0
0.4213786076203834, 0.2500000000767448, 0.0,0.3790347542268255, 0.2028023346506997, 0.0
0.2749999999344981, 0.2933012702270394, 0.0,0.2454666006719159, 0.3463797979597854, 0.0
0.2454666006719159, 0.3463797979597854, 0.0,0.1986683550422619, 0.3372186697253028, 0.0
0.1209652457607086, 0.2971976652923218, 0.0,0.1418379969670364, 0.352847559314595, 0.0
0.0, 0.5, 0.0,0.0, 0.3999999999999999, 0.0
0.225, 0.2066987298107781, 0.0,0.2, 0.2499999998055003, 0.0
0.07862139236857617, 0.2499999998691674, 0.0,0.1432056763371375, 0.2499999997581953, 0.0
0.2, 0.2499999998055003, 0.0,0.1432056763371375, 0.2499999997581953, 0.0
0.0, 0.0, 0.0,0.0, 0.1000000000004161, 0.0
0.2545333993595725, 0.153620202093081, 0.0,0.3013316449844984, 0.1627813302958039, 0.0
0.3030255290241451, 0.354392218965379, 0.0,0.365609376968837, 0.352923876216008, 0.0
0.4213786076203834, 0.2500000000767448, 0.0,0.4312880268404962, 0.3364446727313778, 0.0
0.1724491899640032, 0.2966960949987426, 0.0,0.1209652457607086, 0.2971976652923218, 0.0
0.09999999999977893, 0.0, 0.0,0.077131304401208, 0.08253028614455482, 0.0
0.4213786076203834, 0.2500000000767448, 0.0,0.3567943236536201, 0.2500000001243254, 0.0
0.3551237417475596, 0.06637770781866503, 0.0,0.3581620029900653, 0.1471524406327754, 0.0
0.3275508099883994, 0.2966960952664957, 0.0,0.3790347541988064, 0.2971976656210074, 0.0
0.2750000001065145, 0.2066987298722743, 0.0,0.2545333993595725, 0.153620202093081, 0.0
0.235788383347302, 0.07839745967851658, 0.0,0.1969744709946278, 0.1456077809806712, 0.0
0.225, 0.2066987298107781, 0.0,0.1724491900074975, 0.2033039045999341, 0.0
0.152237856074175, 0.08447394991795305, 0.0,0.235788383347302, 0.07839745967851658, 0.0
0.07862139236857617, 0.2499999998691674, 0.0,0.06871197316678963, 0.3364446725209087, 0.0
0.1999999999994874, 0.0, 0.0,0.235788383347302, 0.07839745967851658, 0.0
0.06871197316678963, 0.3364446725209087, 0.0,0.1209652457607086, 0.2971976652923218, 0.0
0.1448762582512679, 0.4336222921884362, 0.0,0.1418379969670364, 0.352847559314595, 0.0
0.152237856074175, 0.08447394991795305, 0.0,0.1343906230560727, 0.1470761236338803, 0.0
0.3477621439363374, 0.4155260500708989, 0.0,0.2642116167225872, 0.4216025403619617, 0.0
0.06871197315407464, 0.1635553271651953, 0.0,0.1343906230560727, 0.1470761236338803, 0.0
0.5, 0.1999999999994874, 0.0,0.4312880268323815, 0.1635553274568156, 0.0
0.2999999999994734, 0.0, 0.0,0.3008231954047452, 0.1013881900864736, 0.0
0.2642116167225872, 0.4216025403619617, 0.0,0.3030255290241451, 0.354392218965379, 0.0
0.225, 0.2066987298107781, 0.0,0.1969744709946278, 0.1456077809806712, 0.0
0.2999999999994734, 0.0, 0.0,0.3551237417475596, 0.06637770781866503, 0.0
0.2999999999994734, 0.0, 0.0,0.235788383347302, 0.07839745967851658, 0.0
0.2545333993595725, 0.153620202093081, 0.0,0.3008231954047452, 0.1013881900864736, 0.0
0.0, 0.3000000000006934, 0.0,0.07862139236857617, 0.2499999998691674, 0.0
0.1724491900074975, 0.2033039045999341, 0.0,0.1209652458093011, 0.2028023342352513, 0.0
0.3567943236536201, 0.2500000001243254, 0.0,0.3790347542268255, 0.2028023346506997, 0.0
0.225, 0.2933012701892219, 0.0,0.2454666006719159, 0.3463797979597854, 0.0
0.225, 0.2066987298107781, 0.0,0.2545333993595725, 0.153620202093081, 0.0
0.152237856074175, 0.08447394991795305, 0.0,0.1969744709946278, 0.1456077809806712, 0.0
0.4240956285949571, 0.07951424598467248, 0.0,0.3581620029900653, 0.1471524406327754, 0.0
0.5, 0.09999999999977893, 0.0,0.4240956285949571, 0.07951424598467248, 0.0
0.0, 0.2000000000008322, 0.0,0.0, 0.1000000000004161, 0.0
0.2545333993595725, 0.153620202093081, 0.0,0.235788383347302, 0.07839745967851658, 0.0
0.3, 0.25, 0.0,0.2749999999344981, 0.2933012702270394, 0.0
0.07862139236857617, 0.2499999998691674, 0.0,0.1209652457607086, 0.2971976652923218, 0.0
0.1432056763371375, 0.2499999997581953, 0.0,0.1209652457607086, 0.2971976652923218, 0.0
0.5, 0.0, 0.0,0.5, 0.09999999999977893, 0.0
0.1724491899640032, 0.2966960949987426, 0.0,0.1418379969670364, 0.352847559314595, 0.0
0.4213786076203834, 0.2500000000767448, 0.0,0.3790347541988064, 0.2971976656210074, 0.0
0.2454666006719159, 0.3463797979597854, 0.0,0.2642116167225872, 0.4216025403619617, 0.0
0.225, 0.2933012701892219, 0.0,0.2, 0.2499999998055003, 0.0
0.4312880268404962, 0.3364446727313778, 0.0,0.3790347541988064, 0.2971976656210074, 0.0
0.5, 0.3999999999997367, 0.0,0.4228686956113277, 0.4174697137846844, 0.0
0.2750000001065145, 0.2066987298722743, 0.0,0.3013316449844984, 0.1627813302958039, 0.0
0.06871197316678963, 0.3364446725209087, 0.0,0.1418379969670364, 0.352847559314595, 0.0
0.5, 0.5, 0.0,0.3999999999999999, 0.5, 0.0
0.3999999999999999, 0.5, 0.0,0.3477621439363374, 0.4155260500708989, 0.0
0.2000000000008322, 0.5, 0.0,0.1448762582512679, 0.4336222921884362, 0.0
0.3, 0.25, 0.0,0.2750000001065145, 0.2066987298722743, 0.0
0.3000000000006934, 0.5, 0.0,0.2642116167225872, 0.4216025403619617, 0.0
0.4213786076203834, 0.2500000000767448, 0.0,0.4312880268323815, 0.1635553274568156, 0.0
0.5, 0.1999999999994874, 0.0,0.4213786076203834, 0.2500000000767448, 0.0
0.4312880268323815, 0.1635553274568156, 0.0,0.3790347542268255, 0.2028023346506997, 0.0
