h,F_virtual,F_x,F_y,F_z,F_z_corrected,energy,lambda_max,m_max,max_imag,residual,lambda_m0,lambda_m1,lambda_m2,lambda_m3
-10.0,0.5166158453226544,0.005647721883030213,0.010313169812807258,0.7748354028151757,0.7659815027466621,9.707556863529819,-0.0005792241362887,0,4.2548859184171966e-08,6.118225919361089e-09,-0.0005792241362887,-0.0006549696628105349,-0.001371637732424187,-0.0030118818441830027
-9.75,0.50745032708015,0.0051713868064117464,0.009883363373068776,0.7538481126190889,0.7473297356998138,9.579542201357437,-0.0005855416225444211,0,4.319300147658846e-08,4.232933116825916e-09,-0.0005855416225444211,-0.0006621635964610946,-0.0013816125915273902,-0.003026421347784864
-9.5,0.49797899463479567,0.0047198860122296855,0.009467187074403758,0.7328231012817279,0.7285752859169327,9.453857144878814,-0.0005918040573748005,0,4.379871802756878e-08,4.274765908879746e-09,-0.0005918040573748005,-0.0006692910421195923,-0.0013914763867593413,-0.003040789214474895
-9.25,0.4882020250581931,0.004291619966016623,0.00906326141904668,0.7117652051106473,0.7097185666457958,9.330578134229647,-0.0005980055230479582,0,4.436655081517828e-08,2.6118719320868643e-09,-0.0005980055230479582,-0.0006763453793328151,-0.0014012202531354125,-0.0030549724273291733
-9.0,0.4781200184007517,0.003885114463829553,0.008670459737733402,0.6906788164081228,0.6907594375451472,9.209781512647648,-0.0006041400172846126,0,4.489707048811646e-08,1.5149439027077526e-08,-0.0006041400172846126,-0.0006833199010281376,-0.0014108352383898051,-0.003068957875832812
-8.75,0.46773400911490626,0.003499001195402411,0.00828784557120767,0.6695680693778985,0.6716974095494903,9.091543419289218,-0.0006102014629998933,0,4.53908807286452e-08,6.601639035053723e-09,-0.0006102014629998933,-0.0006902078243753745,-0.0014203123172073647,-0.003082732376288593
-8.5,0.45704547671281404,0.0031320039366556866,0.00791462704859885,0.6484369778517369,0.6525318005861614,8.975939679282545,-0.000616183718639349,0,4.5848625242774405e-08,6.124131760180021e-09,-0.000616183718639349,-0.0006970023022829517,-0.001429642406196705,-0.003096282693170997
-8.25,0.4460563557400654,0.002782928590658715,0.0075501231889379405,0.6272895370763711,0.633261854733089,8.8630456911967,-0.0006220805890912342,0,4.627099493573024e-08,6.995072277148612e-09,-0.0006220805890912342,-0.0007036964354992229,-0.00143881637957164,-0.003109595561384616
-8.0,0.4347690448142316,0.0024506559742867584,0.007193738611574227,0.6061297991064887,0.6138868345923184,8.752936312134242,-0.0006278858371586235,0,4.665873984642983e-08,3.963626337657397e-09,-0.0006278858371586235,-0.0007102832853088472,-0.001447825085520351,-0.0031226577093862694
-7.75,0.42318641469583085,0.002134136514440964,0.006844944268915262,0.584961928065272,0.5944060933022934,8.64568574068346,-0.0006335931955567924,0,4.7012668697057425e-08,4.813083326113694e-09,-0.0006335931955567924,-0.0007167558867770908,-0.0014566593632081171,-0.0031354558831129587
-7.5,0.4113118152424988,0.0018323863408750488,0.006503262706103423,0.5637902393599877,0.574819130375763,8.541367397988783,-0.0006391963794244144,0,4.7333666220722855e-08,6.62824376569037e-09,-0.0006391963794244144,-0.0007231072625380656,-0.0014653100603978788,-0.003147976870663364
-7.25,0.3991490812645715,0.0015444843076239338,0.006168256495717067,0.5426192269264196,0.5551256355000743,8.440053807219993,-0.0006446890993015043,0,4.762268848137395e-08,4.980829783360547e-09,-0.0006446890993015043,-0.0007293304370669296,-0.0014737680516207043,-0.003160207527667073
-7.0,0.38670253706118984,0.0012695696981957407,0.005839519179404988,0.521453580668883,0.5353255225042399,8.341816471741264,-0.0006500650745454727,0,4.788077699980924e-08,4.149054974942126e-09,-0.0006500650745454727,-0.0007354184514097921,-0.0014820242568590475,-0.003172134803272717
-6.75,0.37397699971286613,0.001006840381908852,0.005516667992717226,0.5002981955724806,0.5154189549804081,8.246725752298188,-0.0006553180471455868,0,4.810905546980766e-08,3.374802645145905e-09,-0.0006553180471455868,-0.0007413643783278804,-0.0014900696606868563,-0.003183745766667627
-6.5,0.36097778095767197,0.0007555512213837882,0.005199338046652492,0.4791581749957671,0.49540636606878274,8.154850743559022,-0.0006604417958958908,0,4.830873690767238e-08,2.826638505765965e-09,-0.0006604417958958908,-0.0007471613378027977,-0.001497895331800295,-0.0031950276340906953
-6.25,0.347710687657532,0.0005150126977361211,0.004887177590992503,0.4580388281867006,0.4752884724296023,8.066259150360615,-0.0006654301508680177,0,4.848112228572152e-08,2.516259992254758e-09,-0.0006654301508680177,-0.0007528025128569309,-0.0015054924428858066,-0.0032059677961761702
-6.0,0.33418202078365766,0.0002845895608796136,0.004579844129568576,0.4369456635565932,0.45506628391226184,7.981017164023087,-0.0006702770081502939,0,4.862760247013929e-08,4.420987421417417e-09,-0.0006702770081502939,-0.0007582811656349947,-0.0015128522907500456,-0.0032165538456154666
-5.75,0.3203985728604142,6.369948927205556e-05,0.004277001198541372,0.41588437833678865,0.43474110951133893,7.899189339111246,-0.0006749763447852134,0,4.8749653805454285e-08,4.709279707527103e-09,-0.0006749763447852134,-0.0007635906536812825,-0.0015199663166422567,-0.0032267736049923397
-5.5,0.3063676238421298,-0.0001481883226633427,0.0039783157145684075,0.39486084505934244,0.41431456000724354,7.8208384710275105,-0.0006795222338605693,0,4.884883668137604e-08,8.37686024070111e-09,-0.0006795222338605693,-0.000768724446364886,-0.0015268261266984482,-0.003236615154706711
-5.25,0.2920969353976677,-0.00035155467147847917,0.003683455786749765,0.3738810956610795,0.39378854804360636,7.746025474833947,-0.0006839088596868395,0,4.892679031959422e-08,5.09500828739391e-09,-0.0006839088596868395,-0.0007736761413755192,-0.0015334235124221636,-0.0032460668608827897
-5.0,0.277594743616838,-0.0005468319555825213,0.0033920888552677973,0.3529513031949982,0.3731652855710336,7.674809265703403,-0.0006881305330020868,0,4.898522710721087e-08,5.81591962484533e-09,-0.0006881305330020868,-0.0007784394812316938,-0.001539750471127027,-0.0032551174031511506
-4.75,0.26286974998455115,-0.0007344060056602188,0.0031038802082688807,0.3320777619739583,0.35244727942487686,7.607246641408473,-0.0006921817061471177,0,4.9025924496807595e-08,5.644860831590266e-09,-0.0006921817061471177,-0.000783008369735963,-0.001545799226257387,-0.0032637558021974718
-4.5,0.24793111082446195,-0.0009146180045438495,0.002818491768886831,0.31126686617192767,0.33163732500055676,7.543392167254791,-0.0006960569881303771,0,4.9050712084336775e-08,1.1437100406211932e-08,-0.0006960569881303771,-0.000787376888289797,-0.0015515622474935968,-0.0032719714469632683
-4.25,0.23278842505036756,-0.0010877666625939732,0.0025355811234976863,0.29052508723514864,0.3107384983157293,7.483298063871209,-0.000699751159536204,0,4.906146939541961e-08,7.973012489987237e-09,-0.000699751159536204,-0.000791539312024869,-0.0015570322705727487,-0.003279754121387324
-4.0,0.21745172029445925,-0.0012541104599722947,0.0022548008355165092,0.26985895030364215,0.2897541465917711,7.427014098261992,-0.0007032591871921658,0,4.906010659993349e-08,1.5262682283394044e-08,-0.0007032591871921658,-0.0007954901256517283,-0.00156220231671897,-0.0032870940305712855
-3.75,0.2019314374485326,-0.0014138701574811846,0.0019757979361158433,0.24927501009580452,0.26868787774258557,7.374587478529171,-0.0007065762385361483,0,4.904855626823521e-08,5.476932861793641e-09,-0.0007065762385361483,-0.0007992240389683598,-0.0015670657116099865,-0.0032939818262579376
-3.5,0.186238413615758,-0.0015672313714093474,0.001698213682248254,0.22877982594034413,0.24754354838053927,7.326062752643776,-0.0007096976956124389,0,4.902875842056863e-08,1.1249078160881855e-08,-0.0007096976956124389,-0.0008027360019497267,-0.0015716161037816596,-0.0033004086315030867
-3.25,0.17038386354886192,-0.0017143473590830092,0.0014216835286616734,0.20837993689864887,0.2263252512268288,7.28148171170064,-0.0007126191686296082,0,4.900264588618011e-08,8.483057401927265e-09,-0.0007126191686296082,-0.000806021219350638,-0.001575847482396894,-0.0033063660644388417
-3.0,0.15437935958910742,-0.0018553418724786006,0.0011458373072915356,0.18808183641629353,0.20503730128145428,7.2408832979699955,-0.0007153365090181255,0,4.89721331955594e-08,8.10207106480857e-09,-0.0007153365090181255,-0.0008090751647499382,-0.001579754194283484,-0.0033118462610067477
-2.75,0.1382368101747744,-0.00199031211824494,0.0008702996564783547,0.16789194707629307,0.18368422127028713,7.204303518161208,-0.000717845821912157,0,4.893910092956524e-08,9.186201848813374e-09,-0.000717845821912157,-0.0008118935939605935,-0.0015833309601606923,-0.0033168418965615004
-2.5,0.12196843700795768,-0.0021193318160527856,0.0005946906458979583,0.14781659551437606,0.16227072636182902,7.17177536222477,-0.0007201434780035612,0,4.8905378511132074e-08,6.120320792693893e-09,-0.0007201434780035612,-0.0008144725577475002,-0.0015865728899799845,-0.0033213462062408558
-2.25,0.10558675091529857,-0.0022424542665459993,0.0003186266645161071,0.12786198757980785,0.1408017081757537,7.143328728028154,-0.0007222261246995197,0,4.887273193066374e-08,6.376240272035034e-09,-0.0007222261246995197,-0.000816808413781411,-0.0015894754972964932,-0.003325353004000133
-2.0,0.08910452652362011,-0.0023597154744855447,4.172150838832676e-05,0.10803418399189336,0.11928221827637238,7.118990352215772,-0.0007240906965287103,0,4.884284459016044e-08,7.838823546048081e-09,-0.0007240906965287103,-0.0008188978377697073,-0.001592034712601845,-0.003328856700221996
-1.75,0.07253477581086187,-0.0024711372480780316,-0.00023641229376615197,0.08833907645645987,0.09771745106173116,7.098783747542376,-0.0007257344247436063,0,4.881729952987747e-08,1.6885866884015925e-08,-0.0007257344247436063,-0.0008207378337094177,-0.001594246895551848,-0.003331852317810991
-1.5,0.05589072067562206,-0.0025767302818371935,-0.0005161619375471221,0.06878236451849432,0.07611272627668846,7.082729146944989,-0.0007271548460601491,0,4.879755319870156e-08,1.4175976798185581e-08,-0.0007271548460601491,-0.0008223257431989545,-0.0015961088460192579,-0.003334335506694081
-1.25,0.039185764555416114,-0.002676497173136807,-0.00079791258438331,0.049369533122703015,0.054473471079151306,7.070843454592224,-0.0007283498104970092,0,4.878491245753467e-08,4.997874493678038e-09,-0.0007283498104970092,-0.000823659253769993,-0.0015976178139213068,-0.003336302556650439
-1.0,0.022433463300730594,-0.0027704353862241997,-0.0010820454175539205,0.030105831090189467,0.03280520183185702,7.0631402041247595,-0.0007293174882645309,0,4.878049966952369e-08,2.842349093375083e-09,-0.0007293174882645309,-0.0008247364061856649,-0.0015987715077632736,-0.003337750408408773
-0.75,0.005647495343374942,-0.0028585401013624056,-0.0013689355005820092,0.010996250527138861,0.011113505606458894,7.059629524268588,-0.0007300563756725245,0,4.878521959696567e-08,8.155612873234051e-09,-0.0007300563756725245,-0.0008255556006742009,-0.0015995681018599087,-0.003338676662951649
-0.5,-0.01115836867953135,-0.002940806964351227,-0.0016589494858348227,-0.007954492708779414,-0.010595978495946182,7.060318111976383,-0.0007305653000149764,0,4.8799719755929247e-08,4.934283220655414e-09,-0.0007305653000149764,-0.0008261156020516592,-0.0016000062421847585,-0.003339079588978214
-0.25,-0.02797029672270135,-0.0030172347076961367,-0.001952443177103979,-0.026741977431090386,-0.03231757816851081,7.065209213218323,-0.0007308434234185391,0,4.8824362501647485e-08,3.646126716045753e-09,-0.0007308434234185391,-0.0008264155437227842,-0.0016000850508293384,-0.0033389581284880114
0.0,-0.04477442644286178,-0.003087827629309348,-0.0022497589879578806,-0.04536209438336243,-0.05404560681938987,7.074302611514038,-0.0007308902456169289,0,4.8859195405299396e-08,1.0698222943728459e-08,-0.0007308902456169289,-0.0008264549305182911,-0.0015998041290328463,-0.003338311900451074
0.25,-0.061556896458103694,-0.0031525979265981164,-0.002551223316210052,-0.0638110622674779,-0.07577438252061904,7.087594624262539,-0.000730705605650745,0,4.890394096634006e-08,8.171479698156522e-09,-0.000730705605650745,-0.0008262336403703442,-0.0015991635587787288,-0.0033371412025500783
0.5,-0.07830387764835578,-0.0032115678698237857,-0.002857143871109703,-0.08208544250479217,-0.09749824693732947,7.1050781068960775,-0.0007302896824723392,0,4.895799781194245e-08,5.074599569886753e-09,-0.0007302896824723392,-0.000825751924804163,-0.001598163902937753,-0.003335447010978839
0.75,-0.09500160435820248,-0.0032647718132803377,-0.003167806982826688,-0.10018215273758815,-0.11921158422695002,7.126742464850115,-0.0007296429944595176,0,4.902045900524154e-08,1.4041286692054264e-08,-0.0007296429944595176,-0.0008250104082491136,-0.0015968062039610534,-0.0033332309782981508
1.0,-0.11163640536078212,-0.0033122580360190022,-0.0034834749314803506,-0.11809847904193416,-0.14090883985181796,7.152573673306592,-0.0007287663978351631,0,4.909014237760374e-08,1.2969711928248122e-08,-0.0007287663978351631,-0.0008240100861723072,-0.001595091981131474,-0.0033304954293602675
1.25,-0.12819473449185992,-0.003354090413145611,-0.003804383325783389,-0.13583208680416528,-0.16258453922381097,7.182554304637931,-0.0007276610840057743,0,4.916563307207284e-08,1.5459858933213665e-08,-0.0007276610840057743,-0.0008227523220415424,-0.0015930232263791444,-0.003327243355318222
1.5,-0.1446632007239046,-0.0033903499098502515,-0.004130738558965712,-0.15338103039477755,-0.1842333062730746,7.216663563443755,-0.0007263285758318887,0,4.924532555484192e-08,6.394996296085653e-09,-0.0007263285758318887,-0.0008212388431380569,-0.001590602398689763,-0.00332347840575262
1.75,-0.16102859770832367,-0.0034211358942632993,-0.004462715376977167,-0.17074376153983561,-0.20584988179320585,7.254877329042926,-0.0007247707228476711,0,4.932746431102204e-08,1.1897379133982246e-08,-0.0007247707228476711,-0.0008194717352370088,-0.001587832417130733,-0.003319204878950239
2.0,-0.17727793250714718,-0.0034465672803430034,-0.004800454575391144,-0.18791913644171343,-0.22742914156055083,7.297168205250723,-0.0007229896954638739,0,4.941018308090386e-08,5.093086351803356e-09,-0.0007229896954638739,-0.0008174534361894968,-0.0015847166525312132,-0.0033144277103890818
2.25,-0.19339845353227858,-0.0034667834694512662,-0.005144060853965501,-0.20490642176267032,-0.24896611427979426,7.343505577241637,-0.0007209879781782405,0,4.9491534930353674e-08,3.0335718010941267e-09,-0.0007209879781782405,-0.0008151867284387853,-0.0015812589178614497,-0.003309152459477664
2.5,-0.20937767746724845,-0.003481945106891429,-0.005493600832039572,-0.2217052996152919,-0.270455999449003,7.393855675277246,-0.0007187683618313787,0,4.956951999169972e-08,5.331765071706234e-09,-0.0007187683618313787,-0.0008126747305040791,-0.0015774634573547655,-0.003303385294624344
2.75,-0.22520341514780107,-0.003492234668270495,-0.00584910125632087,-0.23831587098734733,-0.2918941844742436,7.4481816450283205,-0.0007163339349531167,0,4.9642101142685636e-08,7.29697462289554e-09,-0.0007163339349531167,-0.0008099208874876758,-0.0015733349344345963,-0.003297132976699468
3.0,-0.2408637962950433,-0.003497856799704448,-0.006210547375610854,-0.25473865862791295,-0.31327626202809616,7.506443624232056,-0.0007136880742485724,0,4.9707227006807305e-08,2.20447417700345e-08,-0.0007136880742485724,-0.0008069289606555614,-0.0015688784185058067,-0.003290402840980022
3.25,-0.2563472929414612,-0.003499038490845604,-0.006577881508018823,-0.27097460862522804,-0.33459804678355953,7.568598825368061,-0.0007108344342602088,0,4.976284081702169e-08,8.387819871318785e-09,-0.0007108344342602088,-0.0008037030161292135,-0.0015640993706717416,-0.003283202777658586
3.5,-0.2716427415692557,-0.003496029002081331,-0.006951001790309969,-0.28702509099416257,-0.355855591778833,7.63460162403295,-0.0007077769362778,0,4.9806897012165525e-08,8.673220501924118e-09,-0.0007077769362778,-0.0008002474127674533,-0.0015590036284546084,-0.0032755412110116134
3.75,-0.28673936381165,-0.0034890995681459104,-0.00732976107211716,-0.3028918994176671,-0.377045204480032,7.704403652669463,-0.0007045197565457002,0,4.9837370523469945e-08,5.619182141638259e-09,-0.0007045197565457002,-0.0007965667892935076,-0.0015535973895949504,-0.003267427077327605
4.0,-0.30162678567573487,-0.0034785428543053012,-0.00771396598403704,-0.31857724980341096,-0.3981634621330289,7.777953899289462,-0.0007010673138219818,0,4.9852268430574615e-08,5.397524719915173e-09,-0.0007010673138219818,-0.000792666050721617,-0.0015478871949987016,-0.0032588698016954697
4.25,-0.3162950552509258,-0.003464672155207932,-0.008103376088596282,-0.33408377802609734,-0.41920722670051497,7.855198810813612,-0.0006974242563678392,0,4.984964133256797e-08,7.156536373852954e-09,-0.0006974242563678392,-0.0007885503541706294,-0.0015418799109321144,-0.003249879273764792
4.5,-0.33073465883144415,-0.003447820282988191,-0.008497703185190287,-0.3494145365188593,-0.4401736589804122,7.936082400640316,-0.000693595448414657,0,4.982759165018007e-08,4.713156114059968e-09,-0.000693595448414657,-0.0007842250941154023,-0.001535582710529583,-0.003240465822584817
4.75,-0.3449365354128098,-0.0034283382129552745,-0.008896610610266503,-0.36457298971698926,-0.4610602318409439,8.020546360043248,-0.000689585956191217,0,4.9784284966728485e-08,5.075888817492033e-09,-0.000689585956191217,-0.0007796958871628615,-0.0015290030547167402,-0.003230640190639539
5.0,-0.35889208957327057,-0.0034065932925771477,-0.009299712596448646,-0.37956300845657975,-0.48186474261497464,8.108530172991099,-0.0006854010335642587,0,4.9717955705395186e-08,2.476116649864681e-09,-0.0006854010335642587,-0.000774968556410005,-0.001522148672624524,-0.0032204135071878014
5.25,-0.3725932026627632,-0.0033829672014245183,-0.009706573613461226,-0.39438886277790375,-0.5025853240440761,8.19997123397646,-0.0006810461073725237,0,4.9626917534768396e-08,4.048638949709677e-09,-0.0006810461073725237,-0.000770049115473099,-0.001515027541591809,-0.0032097972610317656
5.5,-0.386032242343326,-0.0033578534103953315,-0.010116707612709233,-0.40905521340888007,-0.5232204539978716,8.294804968436376,-0.0006765267625123037,0,4.9509563867795843e-08,3.78764649858683e-09,-0.0006765267625123037,-0.0007649437522447931,-0.0015076478668369067,-0.0031988032728219157
5.75,-0.39920207045280875,-0.0033316542553934354,-0.010529577139085734,-0.4235671012579856,-0.5437689632543946,8.392964955349008,-0.0006718487268503848,0,4.936438013477842e-08,6.7959327103768056e-09,-0.0006718487268503848,-0.0007596588124673932,-0.001500018060893855,-0.0031874436670208343
6.0,-0.4120960492147496,-0.0033047774621250865,-0.010944592261196567,-0.4379299350129418,-0.5642300413996695,8.494383051587597,-0.000667017856022454,0,4.918993931382235e-08,5.445492184325012e-09,-0.000667017856022454,-0.0007542007831777608,-0.001492146722889423,-0.003175730843632666
6.25,-0.42470804579819443,-0.0032776321556406245,-0.011361109216840297,-0.45214947592293037,-0.5846032399043385,8.598989517621664,-0.0006620401181913234,0,4.898490898083273e-08,5.6616484931837035e-09,-0.0006620401181913234,-0.0007485762761101934,-0.001484042617758813,-0.003163677449816941
6.5,-0.43703243527835056,-0.0032506241988146996,-0.011778428678451459,-0.4662318197591131,-0.6048884723517519,8.706713144155339,-0.0006569215788214624,0,4.874804775981764e-08,3.659093584982955e-09,-0.0006569215788214624,-0.0007427920111122863,-0.0014757146554717408,-0.0031512963514899717
6.75,-0.4490641019856412,-0.003224150808560325,-0.012195793554807445,-0.4801833748254931,-0.6250860106975932,8.817481379306034,-0.0006516683855368727,0,4.84782072961457e-08,2.2526888195022636e-09,-0.0006516683855368727,-0.0007368547996502438,-0.001467171870356409,-0.0031386006050305266
7.0,-0.4607984393509845,-0.003198594375927349,-0.01261238620983734,-0.4940108352783238,-0.6451964768354308,8.9312204559309,-0.0006462867531169278,0,4.817432699793561e-08,6.672946747347514e-09,-0.0006462867531169278,-0.0007307715284622896,-0.0014584234005957668,-0.003125603429168195
7.25,-0.4722313482517393,-0.0031743153265884026,-0.0130273248697632,-0.5077211484357304,-0.665220828196075,9.047855518725349,-0.0006407829486901977,0,4.783543193430026e-08,3.1193227412049876e-09,-0.0006407829486901977,-0.0007245491434190823,-0.001449478467968579,-0.0031123181771903945
7.5,-0.48335923391533697,-0.0031516438837448004,-0.013439659140973037,-0.5213214746628377,-0.6851603360355983,9.167310750727443,-0.0006351632771816776,0,4.7460627191410885e-08,5.777532454115394e-09,-0.0006351632771816776,-0.0007181946336592361,-0.001440346357912492,-0.003098758309524581
7.75,-0.49417900150210414,-0.003130870662297995,-0.013848364302707106,-0.5348191371051869,-0.7050165537986804,9.289509498879823,-0.0006294340670556256,0,4.704909099518289e-08,5.11553067442905e-09,-0.0006294340670556256,-0.0007117150160379621,-0.001431036399964721,-0.003084937366804984
8.0,-0.5046880503449813,-0.0031122358116744183,-0.014252334064482609,-0.5482215587778696,-0.7247912732303888,9.41437439831926,-0.0006236016564128017,0,4.660006648209698e-08,2.634801115187852e-09,-0.0006236016564128017,-0.0007051173199568984,-0.0014215579486531473,-0.003070868943502997
8.25,-0.5148842670394949,-0.0030959166334218746,-0.014650371473739534,-0.5615361822106268,-0.7444864636690567,9.541827495080383,-0.0006176723794769218,0,4.6112856675484375e-08,2.039376922307509e-09,-0.0006176723794769218,-0.0006984085726124856,-0.0014119203648884056,-0.0030565666621944062
8.5,-0.5247660173933077,-0.0030820134893976385,-0.01504117734360463,-0.5747703658982499,-0.7641041891123375,9.671790366927608,-0.0006116525535150304,0,4.558681193150285e-08,6.095695109769655e-09,-0.0006116525535150304,-0.0006915957847048951,-0.0014021329979129785,-0.0030420441485397697
8.75,-0.5343321374342125,-0.0030705337929116273,-0.015423335553506345,-0.5879312487243689,-0.783646494709961,9.80418424205168,-0.0006055484662242747,0,4.502132276201475e-08,5.063843766465203e-09,-0.0006055484662242747,-0.0006846859366518275,-0.0013922051678538034,-0.003027315007040823
9.0,-0.5435819234641315,-0.003061374274042277,-0.015795294267703014,-0.6010255692616981,-0.8031152502897538,9.938930115399705,-0.0005993663636227101,0,4.441581183679649e-08,4.2572369565194736e-09,-0.0005993663636227101,-0.0006776859653405049,-0.0013821461489230598,-0.003012392797631816
9.25,-0.552515121563868,-0.0030543014590925475,-0.016155341721367206,-0.6140594209333344,-0.8225119329486485,10.075948862444497,-0.0005931124384667212,0,4.3769723714858315e-08,3.752618984752186e-09,-0.0005931124384667212,-0.0006706027514442801,-0.0013719651533042458,-0.0029972910131616662
9.5,-0.5611319165197415,-0.0030489312001286788,-0.01650157482881462,-0.6270379127681944,-0.8418373200197581,10.215161350248325,-0.0005867928192262552,0,4.3082524803415955e-08,8.695771406908858e-09,-0.0005867928192262552,-0.0006634431073385066,-0.0013616713157612475,-0.0029820230578096302
9.75,-0.5694329206358262,-0.003044708559013915,-0.0168318578705793,-0.6399646888012505,-0.8610910479223564,10.356488545743906,-0.0005804135596326376,0,4.235370037200139e-08,5.909277467232626e-09,-0.0005804135596326376,-0.0006562137656280141,-0.0013512736789896309,-0.0029666022264801624
10.0,-0.5774191629916992,-0.0030408912179785315,-0.017143767520840847,-0.652841227994446,-0.8802709627284171,10.499851621254038,-0.0005739806288225077,0,4.158276722688371e-08,6.176697313992096e-09,-0.0005739806288225077,-0.0006489213683122373,-0.0013407811797483881,-0.0029510416852102533
