"f:0","f:1","f:2",":0",":1",":2"
0.0,0.0,0,0.9499999999997918,1.0,0
0.0,0.0,0,1.0,1.0,0
0.0,0.0,0,0.8999999999995836,1.0,0
-1.2610078956637389e+17,2.161727821137838e+17,0,0.930904239792032,0.9278575655932431,0
-5.235434566818202e+16,6.980579422424269e+16,0,0.9154521198958078,0.9639287827966215,0
1.3510798882111488e+16,-2.7021597764222976e+16,0,0.965452119896016,0.9639287827966215,0
-8.106479329266893e+16,1.5312238733059686e+17,0,1.0,0.8999999999997368,0
-4.503599627370496e+16,-1.8014398509481984e+16,0,0.9262727970578897,0.8459092970805756,0
-4.503599627370496e+16,1.8014398509481984e+17,0,0.8479731405375693,0.8984792333664032,0
-4.151755906482176e+16,4.278419646001971e+16,0,0.8871229687977296,0.8721942652234894,0
7.656119366529843e+16,-5.404319552844595e+16,0,0.9285885184249608,0.8868834313369094,0
-2.7021597764222976e+16,-1.8014398509481984e+16,0,0.965452119896016,0.9139287827964899,0
1.4355223812243456e+16,2.7021597764222976e+16,0,1.0,0.9499999999998684,0
0.0,0.0,0,0.7999999999999998,1.0,0
-5.404319552844595e+16,-9.007199254740992e+16,0,0.8239865702687845,0.9492396166832016,0
7.205759403792794e+16,-3.602879701896397e+16,0,0.8739865702685765,0.9492396166832016,0
0.0,0.0,0,0.8499999999997917,1.0,0
1.5762598695796736e+16,-4.503599627370496e+16,0,0.8894386901648006,0.9131683994798232,0
3.602879701896397e+16,-3.602879701896397e+16,0,0.9631363985289448,0.8729546485401563,0
1.508705875169116e+17,-1.1202704073084109e+17,0,1.0,0.7999999999994734,0
-2.5220157913274778e+17,4.143311657180856e+17,0,0.9265108004779345,0.7508932008161622,0
1.8014398509481984e+16,0.0,0,0.9632554002389673,0.7754466004078178,0
-3.602879701896397e+16,0.0,0,0.9263917987679121,0.798401248948369,0
-9.907919180215091e+16,1.4411518807585587e+17,0,0.9631363985289448,0.8229546485400245,0
0.0,-9.007199254740992e+16,0,1.0,0.8499999999996051,0
-1.2610078956637389e+17,1.8014398509481984e+16,0,0.8563579220887371,0.7992884290585397,0
-9.007199254740992e+16,0.0,0,0.7716845371698696,0.8244380953892854,0
-6.305039478318694e+16,7.205759403792794e+16,0,0.7447478440672759,0.9152779995647633,0
1.080863910568919e+17,-7.205759403792794e+16,0,0.7582161906185727,0.8698580474770243,0
7.656119366529843e+16,-1.4411518807585587e+17,0,0.7963604923024226,0.9068786164655833,0
-5.404319552844595e+16,5.404319552844595e+16,0,0.8098288388537195,0.8614586643778444,0
0.0,7.205759403792794e+16,0,0.8140212296293033,0.8118632622239126,0
1.8014398509481984e+16,-3.602879701896397e+16,0,0.8521655313131532,0.8488838312124715,0
1.4636698788954112e+16,-2.476979795053773e+16,0,0.8913153595733134,0.8225988630695577,0
9.007199254740992e+16,3.602879701896397e+16,0,0.8914343612833358,0.775090814937351,0
1.4411518807585587e+17,2.8823037615171174e+17,0,0.7723739220336379,0.9576389997823817,0
0.0,0.0,0,0.7000000000006934,1.0,0
-1.080863910568919e+17,3.602879701896397e+16,0,0.7223739220339847,0.9576389997823817,0
0.0,0.0,0,0.7500000000003466,1.0,0
-9007199254740992.0,-3.602879701896397e+16,0,1.0,0.69999999999921,0
5.404319552844595e+16,-1.8014398509481984e+16,0,0.9632554002389673,0.725446600407686,0
-5.516909543528858e+16,7.318349394477056e+16,0,1.0,0.7499999999993416,0
3.602879701896397e+16,-6.305039478318694e+16,0,0.85943538516068,0.700879988860459,0
-4.503599627370496e+16,5.404319552844595e+16,0,0.9286856111435933,0.658989757445628,0
-1.5762598695796736e+16,9007199254740992.0,0,0.8940604981521366,0.6799348731530435,0
9.907919180215091e+16,-6.305039478318694e+16,0,0.9275982058107639,0.7049414791308951,0
-1.080863910568919e+17,7.205759403792794e+16,0,0.8929730928193073,0.7258865948383106,0
3.602879701896397e+16,-3.602879701896397e+16,0,0.8578966536247086,0.7500842089594993,0
-3.152519739159347e+16,-1.5762598695796736e+16,0,0.777586463262857,0.7318053894803704,0
-1.080863910568919e+17,1.4411518807585587e+17,0,0.6966165544832694,0.758891879822782,0
-1.5312238733059686e+17,0.0,0,0.6988293866944836,0.8427653550304515,0
-6.305039478318694e+16,7.205759403792794e+16,0,0.6552425151322694,0.9116987009063864,0
-1.4411518807585587e+17,-1.4411518807585587e+17,0,0.6770359509133765,0.8772320279684189,0
1.3060438919374438e+17,-1.8014398509481984e+16,0,0.6999951795997726,0.9134883502355748,0
-9.007199254740992e+16,3.602879701896397e+16,0,0.7217886153808797,0.8790216772976074,0
-1.8014398509481984e+16,0.0,0,0.7352569619321766,0.8336017252098684,0
9007199254740992.0,-7.205759403792794e+16,0,0.7341505458265696,0.7916649876060337,0
1.8014398509481984e+16,2251799813685248.0,0,0.6977229705888766,0.8008286174266167,0
-4.953959590107546e+16,5.854679515581645e+16,0,0.9643428055717966,0.6794948787224191,0
7.205759403792794e+16,-1.8014398509481984e+17,0,0.816972192675797,0.7655469092694551,0
-8.106479329266893e+16,1.080863910568919e+17,0,0.8185109242117685,0.7163426891704148,0
-1.8014398509481984e+16,9.007199254740992e+16,0,0.7746355002163633,0.7781217424348279,0
-1.8014398509481984e+16,-1.970324836974592e+16,0,0.7371015088730632,0.7453486346515762,0
7.205759403792794e+16,-2.161727821137838e+17,0,0.6776212575664814,0.9558493504531932,0
0.0,0.0,0,0.6000000000013869,1.0,0
5.404319552844595e+16,3.602879701896397e+16,0,0.6276212575668281,0.9558493504531932,0
0.0,0.0,0,0.6500000000010402,1.0,0
2.3643898043695104e+16,-7881299347898368.0,0,1.0,0.5999999999989468,0
8444249301319680.0,-6.07985949695017e+16,0,0.9215789201468771,0.5743808762434959,0
4503599627370496.0,-4.503599627370496e+16,0,0.8645885610760686,0.6277844787554949,0
-2.7021597764222976e+16,6.305039478318694e+16,0,0.7899132702335903,0.6466370409258186,0
1.5762598695796736e+16,-2.308094809027379e+16,0,0.8272509156548294,0.6372107598406568,0
-1.8014398509481984e+16,-1.8014398509481984e+16,0,0.8620119731183743,0.6643322338079769,0
3.602879701896397e+16,9007199254740992.0,0,0.896637086109831,0.6433871181005615,0
-4503599627370496.0,7881299347898368.0,0,0.9251322656452352,0.616685316844562,0
9007199254740992.0,-2.7021597764222976e+16,0,0.8930837406114729,0.6010826774994954,0
9007199254740992.0,-1.8014398509481984e+16,0,0.9643428055717966,0.6294948787222874,0
0.0,0.0,0,1.0,0.6499999999990784,0
3.236962232172544e+16,-2.9273397577908224e+16,0,0.8246743276971351,0.6737585148931389,0
4.503599627370496e+16,-3.602879701896397e+16,0,0.7837498667482237,0.6892212152030945,0
0.0,0.0,0,0.691511110440996,0.6606969028253395,0
2.7021597764222976e+16,7.205759403792794e+16,0,0.7345487868519265,0.696251146152855,0
-1.8014398509481984e+16,-1.3510798882111488e+16,0,0.6940638324621327,0.7097943913240607,0
0.0,0.0,0,0.6249999993510345,0.7165063513207901,0
3.602879701896397e+16,1.8014398509481984e+17,0,0.6110999125290688,0.8107744858959973,0
3.602879701896397e+16,1.8014398509481984e+16,0,0.6331712138306691,0.8612365934011919,0
9007199254740992.0,1.080863910568919e+17,0,0.6549646496117763,0.8267699204632244,0
-3.602879701896397e+16,0.0,0,0.6538582335061691,0.7848331828593896,0
1.2610078956637389e+17,-3.242591731706757e+17,0,0.6180499559400516,0.7636404186083937,0
-5.854679515581645e+16,1.5312238733059686e+17,0,0.6608082769171519,0.737699115571786,0
0.0,0.0,0,0.6582555548960152,0.6886016270730648,0
6755399441055744.0,-6473924464345088.0,0,0.9607894600734386,0.5871904381212214,0
-1.8014398509481984e+17,-9.007199254740992e+16,0,0.7407121903372931,0.6536669718755791,0
5.404319552844595e+16,7.205759403792794e+16,0,0.5767779475007083,0.9013743649471069,0
-3.152519739159347e+16,7.205759403792794e+16,0,0.6160102313164888,0.9065365329267466,0
-1.4411518807585587e+17,7.205759403792794e+16,0,0.5939389300148885,0.8560744254215521,0
-5.404319552844595e+16,0.0,0,0.5883889737510476,0.9506871824735534,0
2.341871806232658e+17,-2.9723757540645274e+17,0,0.5132111307030907,0.9315202845746969,0
-1.4411518807585587e+17,-7.205759403792794e+16,0,0.5449945391018995,0.916447324760902,0
-1.4411518807585587e+17,7.205759403792794e+16,0,0.5566055653522388,0.9657601422873485,0
0.0,0.0,0,0.5000000000020587,1.0,0
0.0,0.0,0,0.5066055653525747,0.9657601422873485,0
0.0,0.0,0,0.5500000000017228,1.0,0
5.17913957147607e+16,-1.1596769040479027e+17,0,1.0,0.4999999999986943,0
-3.602879701896397e+16,-3.602879701896397e+16,0,0.8950565898181063,0.5000000001675742,0
-4.053239664633446e+16,6.305039478318694e+16,0,0.8249724101935327,0.5569298902005159,0
-5.404319552844595e+16,9.007199254740992e+16,0,0.8447804856348007,0.5923571844780053,0
-1.125899906842624e+16,2251799813685248.0,0,0.8074428402135615,0.6017834655631673,0
0.0,0.0,0,0.7349231550696919,0.5855050361797567,0
2.7021597764222976e+16,2.251799813685248e+16,0,0.762418212651641,0.6160710385527877,0
0.0,-5.404319552844595e+16,0,0.7799477826316124,0.5712174631901363,0
-3.152519739159347e+16,5.404319552844595e+16,0,0.9607894600734386,0.5371904381210951,0
4.503599627370496e+16,-3.602879701896397e+16,0,0.9083177549824917,0.537190438205535,0
1.3510798882111488e+16,-7.54352937584558e+16,0,0.9475282949090531,0.5000000000831343,0
9007199254740992.0,-3.602879701896397e+16,0,1.0,0.5499999999988205,0
-1.8014398509481984e+16,0.0,0,0.8732756651702049,0.5656553832220059,0
-1.8014398509481984e+16,9007199254740992.0,0,0.8600145000058195,0.5284649451840451,0
0.0,0.0,0,0.7132171327553439,0.6231009695025481,0
0.0,0.0,0,0.5434120439701151,0.7462019383318027,0
1.4411518807585587e+17,0.0,0,0.5095786942689553,0.8385917406623997,0
7.205759403792794e+16,0.0,0,0.5431783208848318,0.8699830528047533,0
9.907919180215091e+16,7.205759403792794e+16,0,0.5603393033990121,0.8246831132791985,0
2.8823037615171174e+17,1.4411518807585587e+17,0,0.5264953691195352,0.7923968394971013,0
-1.4411518807585587e+17,-2.8823037615171174e+17,0,0.577255978249592,0.7784882121139001,0
0.0,0.0,0,0.5842060216605748,0.7313541448262963,0
-2.5220157913274778e+17,2.7922317689697075e+17,0,0.511394912486023,0.8850560126185483,0
-1.080863910568919e+17,1.8014398509481984e+17,0,0.4482359048622536,0.9121672694325411,0
0.0,0.0,0,0.4000000000016644,1.0,0
7.205759403792794e+16,0.0,0,0.42411795243195904,0.9560836347162706,0
9.007199254740992e+16,-7.205759403792794e+16,0,0.47411795243215615,0.9560836347162706,0
0.0,0.0,0,0.4500000000018616,1.0,0
1.8014398509481984e+16,9.457559217478042e+16,0,0.48072351778267214,0.921843777003619,0
1.080863910568919e+17,-3.9631676720860365e+17,0,0.47890729956560446,0.8753795050474704,0
-1.8014398509481984e+16,-1.8014398509481984e+17,0,0.9215235377673484,0.4256094970752217,0
9007199254740992.0,-6.305039478318694e+16,0,0.9082900637927274,0.462804748621398,0
1.080863910568919e+17,0.0,0,0.9607617688836743,0.462804748536958,0
1.8014398509481984e+16,-3.602879701896397e+16,0,1.0,0.3999999999989749,0
-3.602879701896397e+16,1.8014398509481984e+16,0,0.9607617688836743,0.4128047485370983,0
-9.570149208162304e+16,2.026619832316723e+16,0,1.0,0.4499999999988346,0
-5.404319552844595e+16,2.3643898043695104e+16,0,0.8238962774931506,0.4428873694984882,0
3.602879701896397e+16,-1.4411518807585587e+17,0,0.8594764336556284,0.47144368483303123,0
0.0,1.8014398509481984e+16,0,0.8244343438433417,0.499908629849502,0
0.0,0.0,0,0.75,0.5,0
-5348024557502464.0,-1.0696049115004928e+16,0,0.7874862050967664,0.5284649451002579,0
-9007199254740992.0,-2.7021597764222976e+16,0,0.7869481387465753,0.47144368474924414,0
-4.503599627370496e+16,1.170935903116329e+17,0,0.8727099076302496,0.434248433286855,0
0.0,0.0,0,0.742461577534846,0.5427525180898783,0
0.0,0.0,0,0.4565879553710103,0.7462019382156253,0
-2.8823037615171174e+17,1.4411518807585587e+17,0,0.4269520882274179,0.8371656301869115,0
-2.7021597764222976e+17,2.8823037615171174e+17,0,0.4417700217992141,0.7916837842012684,0
7.205759403792794e+16,7.205759403792794e+16,0,0.4682653912481866,0.8378786854246556,0
-7.205759403792794e+16,-2.8823037615171174e+17,0,0.48308332481998284,0.7923968394390125,0
0.0,0.0,0,0.49999999967056274,0.746201938273714,0
0.0,-7.205759403792794e+16,0,0.4375939965448358,0.8746664498097263,0
-4.503599627370496e+16,-1.4411518807585587e+17,0,0.3508578786574879,0.8977092082859368,0
0.0,0.0,0,0.3000000000012483,1.0,0
1.5762598695796736e+16,2.026619832316723e+16,0,0.3254289393293681,0.9488546041429684,0
1.080863910568919e+17,1.080863910568919e+17,0,0.37542893932957616,0.9488546041429684,0
0.0,0.0,0,0.35000000000145637,1.0,0
-1.8014398509481984e+17,-2.8823037615171174e+17,0,0.3995468917598708,0.904938238859239,0
1.4411518807585587e+17,2.161727821137838e+17,0,0.38890498344245295,0.8674374192364241,0
0.0,3.602879701896397e+16,0,0.862006512167234,0.3694682009523159,0
-2.7021597764222976e+16,1.3510798882111488e+16,0,0.7783351996799912,0.3393030980337611,0
3.828059683264922e+16,-4.503599627370496e+16,0,0.8201708559236126,0.3543856494930385,0
1.8014398509481984e+16,-1.125899906842624e+16,0,0.8429513948301923,0.40617778522540204,0
0.0,9007199254740992.0,0,0.8011157385865709,0.39109523376612465,0
0.0,0.0,0,0.7349231552724446,0.4144949643773016,0
-3.602879701896397e+16,0.0,0,0.7566291774762179,0.37689903120553137,0
1.8014398509481984e+16,3.602879701896397e+16,0,0.7794097163827975,0.4286911669378949,0
0.0,0.0,0,0.7424615776362222,0.4572474821886508,0
1.8014398509481984e+16,-1.4411518807585587e+17,0,0.8917650249672913,0.3975388490137688,0
5.291729562160333e+16,-1.1821949021847552e+17,0,0.9319538144099002,0.3421323750482093,0
-1.080863910568919e+17,7.205759403792794e+16,0,0.8969801632885671,0.35580028800026264,0
9.007199254740992e+16,-9.007199254740992e+16,0,0.9267386760886243,0.3838709360617155,0
-5.404319552844595e+16,3.602879701896397e+16,0,0.9659769072049501,0.3710661875235921,0
-1.2610078956637389e+17,-3.602879701896397e+16,0,1.0,0.2999999999992664,0
9007199254740992.0,-5.404319552844595e+16,0,0.9659769072049501,0.32106618752373783,0
4503599627370496.0,2.7021597764222976e+16,0,1.0,0.3499999999991207,0
0.0,0.0,0,0.3750000000000001,0.7165063509461097,0
0.0,3.602879701896397e+17,0,0.361983904721013,0.7949750673637936,0
2.161727821137838e+17,-2.161727821137838e+17,0,0.40928593004601166,0.7705885027897095,0
3.602879701896397e+16,-7.205759403792794e+16,0,0.3684919523605066,0.7557407091549517,0
0.0,0.0,0,0.4157939776855052,0.7313541445808676,0
1.8014398509481984e+16,-1.4411518807585587e+17,0,0.3944679964742155,0.8160703487753526,0
-8.556839292003942e+16,2.7021597764222976e+16,0,0.35642089168925045,0.8463421378248652,0
-1.080863910568919e+17,3.602879701896397e+16,0,0.2755386622609932,0.8321691427772198,0
1.9815838360430182e+17,-1.8014398509481984e+17,0,0.3187612834910031,0.8135721050705067,0
-7.205759403792794e+16,1.080863910568919e+17,0,0.31319827045924054,0.8649391755315783,0
-1.4411518807585587e+17,3.242591731706757e+17,0,0.243991673274233,0.9204485602277284,0
1.2610078956637389e+17,-1.8014398509481984e+17,0,0.2974247759658605,0.9090788842568326,0
-1.8014398509481984e+17,2.161727821137838e+17,0,0.27199583663774063,0.9602242801138642,0
0.0,0.0,0,0.2000000000008322,1.0,0
1.2610078956637389e+17,-3.242591731706757e+17,0,0.22199583663753258,0.9602242801138642,0
0.0,0.0,0,0.2500000000010403,1.0,0
-1.4411518807585587e+17,1.4411518807585587e+17,0,0.2597651677676131,0.8763088515024741,0
7.318349394477056e+16,-1.3961158844848538e+17,0,0.851375058613342,0.2896186368374689,0
5.404319552844595e+16,3.602879701896397e+16,0,0.8916644365116211,0.3158755059428391,0
-9007199254740992.0,-4.503599627370496e+16,0,0.856690785390288,0.3295434188948924,0
2.7021597764222976e+16,2.476979795053773e+16,0,0.8148551291466666,0.31446086743561497,0
8.331659310635418e+16,-7.205759403792794e+16,0,0.789407053347732,0.229323020844085,0
9.007199254740992e+16,-3.602879701896397e+16,0,0.7086259371231289,0.2582482960201323,0
1.080863910568919e+17,1.8014398509481984e+16,0,0.7838711265138616,0.28431305943892304,0
-3.602879701896397e+16,5.404319552844595e+16,0,0.7490164952354305,0.24378565843210864,0
-3.152519739159347e+16,-4.503599627370496e+16,0,0.7434805684015601,0.2987756970269467,0
0.0,0.0,0,0.6915111110647478,0.339303097918019,0
1.6212958658533786e+17,7.205759403792794e+16,0,0.7349231553723695,0.33930309797589003,0
-8.106479329266893e+16,2.7021597764222976e+16,0,0.7000685240939384,0.29877569696907563,0
0.0,-1.080863910568919e+17,0,0.820391055980537,0.259470828840777,0
0.0,0.0,0,0.7132171331685961,0.3768990311476603,0
2.7021597764222976e+16,-3.602879701896397e+16,0,0.9272458142177814,0.2492156155438214,0
-2.026619832316723e+16,-4503599627370496.0,0,0.9295998143138409,0.29567399529601535,0
-2.7021597764222976e+16,9007199254740992.0,0,0.8893104364155617,0.2694171261906452,0
2.7021597764222976e+16,-1.8014398509481984e+16,0,0.9636229071088906,0.2746078077715439,0
-4.503599627370496e+16,1.8014398509481984e+16,0,1.0,0.1999999999995579,0
0.0,1.3510798882111488e+16,0,0.9636229071088906,0.22460780777168965,0
1.8014398509481984e+16,0.0,0,1.0,0.24999999999941214,0
0.0,0.0,0,0.3084888891043004,0.660696902283445,0
4.503599627370496e+16,-1.6212958658533786e+17,0,0.2914159439786958,0.7417599571012917,0
-2.7021597764222976e+16,5.404319552844595e+16,0,0.2107631469028482,0.7703761282955286,0
3.602879701896397e+16,-7.205759403792794e+16,0,0.251089545440772,0.7560680426984101,0
-6.755399441055744e+16,-4.953959590107546e+16,0,0.2431509045819207,0.8012726355363742,0
-7.205759403792794e+16,2.8823037615171174e+17,0,0.28347730311984454,0.7869645499392557,0
-1.080863910568919e+17,-1.4411518807585587e+17,0,0.3266999243498544,0.7683675122325426,0
-2.7021597764222976e+16,1.8014398509481984e+17,0,0.33320797198934793,0.7291331540237007,0
2.7021597764222976e+16,1.8014398509481984e+16,0,0.29995241654149807,0.7012284296923683,0
0.0,0.0,0,0.34174444455215025,0.6886016266147774,0
-3.602879701896397e+16,3.602879701896397e+17,0,0.187553498724213,0.8561122032514897,0
-2.5220157913274778e+17,7.205759403792794e+16,0,0.1492167079775811,0.9289602601376639,0
-3.602879701896397e+16,-1.8014398509481984e+17,0,0.16838510335089707,0.8925362316945769,0
-7.205759403792794e+16,1.4411518807585587e+17,0,0.19660419062590706,0.9247044101826961,0
-1.4411518807585587e+17,7.926335344172073e+17,0,0.17460835398920665,0.9644801300688319,0
0.0,0.0,0,0.100000000000416,1.0,0
0.0,-5.764607523034235e+17,0,0.12460835398899855,0.9644801300688319,0
0.0,0.0,0,0.1500000000006241,1.0,0
3.602879701896397e+17,1.4411518807585587e+17,0,0.1991583228135306,0.8132441657735092,0
1.2610078956637389e+17,-1.8014398509481984e+16,0,0.2315460804926031,0.8441406730143548,0
-7.205759403792794e+16,-1.4411518807585587e+17,0,0.215772585999223,0.888280381739609,0
4.503599627370496e+16,-1.080863910568919e+17,0,0.8599893972095252,0.1991861396432739,0
-2.251799813685248e+16,-1.3510798882111488e+16,0,0.7970299301422611,0.1525264579774764,0
5.17913957147607e+16,-1.8014398509481984e+16,0,0.8285096636758931,0.17585629881037515,0
-8.106479329266893e+16,5.404319552844595e+16,0,0.8246982252786286,0.21425458024367944,0
5.404319552844595e+16,7.205759403792794e+16,0,0.8556822279114336,0.24440238824037142,0
-1.2384898975268864e+16,-2.251799813685248e+16,0,0.8936176057136533,0.22420087759354765,0
4.503599627370496e+16,-9.682739198846566e+16,0,0.9275988323350824,0.1527648894491518,0
3.602879701896397e+16,0.0,0,0.8937941147723039,0.17597551454621285,0
0.0,2.7021597764222976e+16,0,0.9274223232764319,0.2009902524964866,0
0.0,-2.251799813685248e+16,0,0.9637994161675412,0.17638244472435483,0
-6.305039478318694e+16,5.404319552844595e+16,0,1.0,0.09999999999981467,0
-4503599627370496.0,2.251799813685248e+16,0,0.9637994161675412,0.12638244472448323,0
0.0,3.602879701896397e+16,0,1.0,0.14999999999968627,0
0.0,-2.7021597764222976e+16,0,0.7239740634788173,0.1655670950915371,0
-2.7021597764222976e+16,-1.8014398509481984e+16,0,0.7566905584132746,0.19744505796781106,0
3.602879701896397e+16,-5.404319552844595e+16,0,0.7163000003009732,0.2119076955558347,0
1.3510798882111488e+16,1.125899906842624e+16,0,0.6380098146755813,0.2049743708731505,0
0.0,0.0,0,0.6250000005701681,0.2834936493830771,0
2251799813685248.0,-1.4636698788954112e+16,0,0.6315049076228747,0.2442340101281138,0
-1.8014398509481984e+16,3.152519739159347e+16,0,0.6733178758993551,0.2316113334466414,0
4.503599627370496e+16,-3.602879701896397e+16,0,0.6668129688466485,0.27087097270160465,0
0.0,0.0,0,0.658255555817458,0.311398373650548,0
4.503599627370496e+16,-6.305039478318694e+16,0,0.7932184917449965,0.1909247394107807,0
9007199254740992.0,3.602879701896397e+16,0,0.7605019968105392,0.15904677653450677,0
-1.8014398509481984e+16,-6.305039478318694e+16,0,0.6809919390771992,0.1852707329823438,0
3.602879701896397e+16,2.161727821137838e+17,0,0.221664800056103,0.6606969021306355,0
8.106479329266893e+16,-1.3510798882111488e+16,0,0.2162139734794756,0.715536515213082,0
0.0,-9007199254740992.0,0,0.25654037201739943,0.7012284296159637,0
-1.8014398509481984e+16,0.0,0,0.2650768445802017,0.6606969022070402,0
0.0,0.0,0,0.2650768446431505,0.5855050353907976,0
1.8014398509481984e+16,-3.602879701896397e+16,0,0.24337082234962676,0.6231009687607165,0
0.0,0.0,0,0.28678286687372545,0.6231009688371213,0
9.232379236109517e+16,-7.881299347898368e+16,0,0.1477735478596522,0.7109408035696498,0
-2.161727821137838e+17,2.8823037615171174e+17,0,0.1847191739578776,0.6858188528501427,0
-2.161727821137838e+17,7.205759403792794e+16,0,0.1792683473812502,0.7406584659325892,0
0.0,3.602879701896397e+16,0,0.1403085184212473,0.7958781043897161,0
9.007199254740992e+16,-1.4411518807585587e+17,0,0.08886058496275928,0.8521585050965068,0
4.616189618054758e+16,1.508705875169116e+17,0,0.11903864647017019,0.8905593826170853,0
1.080863910568919e+17,-7.205759403792794e+16,0,0.13820704184348614,0.8541353541739982,0
-7.205759403792794e+16,7.205759403792794e+16,0,0.16393100857273016,0.825995153820603,0
-2.5220157913274778e+17,5.0440315826549555e+17,0,0.1145845516920033,0.8240183047431114,0
-1.8014398509481984e+17,3.602879701896397e+16,0,0.17553583266204775,0.7831271163426223,0
1.5312238733059686e+17,5.404319552844595e+16,0,0.14404103314044975,0.753409453979683,0
8.646911284551352e+17,-8.646911284551352e+17,0,0.07301459004772988,0.9264649796565133,0
0.0,0.0,0,0.0,1.0,0
2.8823037615171174e+17,2.8823037615171174e+17,0,0.08650729502407295,0.9632324898282567,0
-2.161727821137838e+17,5.764607523034235e+17,0,0.03650729502386494,0.9632324898282567,0
0.0,0.0,0,0.050000000000208,1.0,0
-5.764607523034235e+17,3.602879701896397e+17,0,0.1111156490126555,0.9277126198970886,0
2.116691824864133e+17,-1.6212958658533786e+17,0,0.08093758750524457,0.88931174237651,0
9007199254740992.0,-2.9273397577908224e+16,0,0.8505835971118657,0.0933197978518811,0
-2.899192260119757e+16,4.841369599423283e+16,0,0.8552864971606955,0.14625296874757748,0
1.8014398509481984e+16,-2.7021597764222976e+16,0,0.8238067636270634,0.12292312791467876,0
-1.3510798882111488e+16,-1.8014398509481984e+16,0,0.754090291358097,0.08462331063005715,0
9007199254740992.0,-3.602879701896397e+16,0,0.6498911664285608,0.1018514013959374,0
0.0,1.8014398509481984e+16,0,0.7019907288933289,0.09323735601299728,0
1.8014398509481984e+16,0.0,0,0.7390321774184572,0.12509520286079712,0
-1.5762598695796736e+16,3.152519739159347e+16,0,0.6869326149536891,0.13370924824373726,0
0.0,2.5614222880669696e+16,0,0.643950490552071,0.15341288613454396,0
-1.5762598695796736e+16,2.7021597764222976e+16,0,0.5730571999982111,0.1627629543033544,0
0.0,0.0,0,0.5434120448450099,0.2537980618224648,0
-9007199254740992.0,3.602879701896397e+16,0,0.5907109297602956,0.22938621634780765,0
0.0,0.0,0,0.584206022707589,0.26864585560277093,0
4503599627370496.0,-3.602879701896397e+16,0,0.8890912147234741,0.12304234365051644,0
-1.125899906842624e+16,4503599627370496.0,0,0.9267949192428435,0.07320508075703633,0
0.0,0.0,0,1.0,0.0,0
-4503599627370496.0,-4.503599627370496e+16,0,0.9633974596214218,0.08660254037842549,0
-2251799813685248.0,1.125899906842624e+16,0,0.9633974596214218,0.036602540378518164,0
1.125899906842624e+16,4503599627370496.0,0,1.0,0.049999999999907334,0
-2286984185774080.0,-2.7021597764222976e+16,0,0.775560110750179,0.11857488430376678,0
-3.602879701896397e+16,1.8014398509481984e+16,0,0.8023369442349814,0.08897155424096913,0
1.3229323905400832e+16,1.8577348462903296e+16,0,0.927196875788963,0.11298498510309406,0
9570149208162304.0,-1.5762598695796736e+16,0,0.8886892581773547,0.08326243930445872,0
-3377699720527872.0,-1.3510798882111488e+16,0,0.6055335073368961,0.18386866258825246,0
2.251799813685248e+16,-1.8014398509481984e+16,0,0.5582346224216106,0.2082805080629096,0
0.0,9007199254740992.0,0,0.611474183213386,0.1323071778496459,0
-3.602879701896397e+16,1.8014398509481984e+17,0,0.1854517380753696,0.5582994991529335,0
-4.503599627370496e+16,0.0,0,0.20355826906573632,0.6094982006417845,0
9007199254740992.0,1.5762598695796736e+16,0,0.22526429135926007,0.5719022672718655,0
0.0,0.0,0,0.25,0.4999999993223791,0
2.251799813685248e+16,1.3510798882111488e+16,0,0.21772586903768482,0.5291497492376563,0
0.0,0.0,0,0.25753842232157526,0.5427525173565884,0
-7.926335344172073e+17,1.080863910568919e+18,0,0.1513836398306937,0.6261749807829783,0
2.8823037615171174e+17,-3.602879701896397e+17,0,0.18652421994339835,0.6434359414568069,0
-1.8014398509481984e+16,7.205759403792794e+16,0,0.16841768895303166,0.5922372399679559,0
3.602879701896397e+17,-2.8823037615171174e+17,0,0.14957859384517294,0.668557892176314,0
-2.5220157913274778e+17,0.0,0,0.08094977419330136,0.6563077798298167,0
-2.161727821137838e+17,4.323455642275676e+17,0,0.07769152167727772,0.7531749386644859,0
2.8823037615171174e+17,-2.161727821137838e+17,0,0.07932064793528953,0.7047413592471513,0
-1.4411518807585587e+17,-3.602879701896397e+16,0,0.11273253476846495,0.7320578711170679,0
-2.206763817411543e+17,1.8014398509481984e+17,0,0.11436166102647677,0.6836242916997333,0
1.4411518807585587e+17,-1.4411518807585587e+17,0,0.11616670701199752,0.6412413803063974,0
4.053239664633446e+16,-1.5762598695796736e+17,0,0.10900002004926251,0.774526521527101,0
1.170935903116329e+17,-1.823957849085051e+17,0,0.0832760533200185,0.8026667218804964,0
0.9600000000000006,0.0,0,0.0,0.7999999999999998,0
-3.602879701896397e+16,1.4411518807585587e+17,0,0.03884576083863886,0.7765874693322429,0
9007199254740992.0,-1.8014398509481984e+16,0,0.04443029248137964,0.8260792525482533,0
0.5400000000019988,0.0,0,0.0,0.8999999999995836,0
-9007199254740992.0,9007199254740992.0,0,0.04443029248137964,0.8760792525480452,0
0.7650000000008749,0.0,0,0.0,0.8499999999997917,0
1.8014398509481984e+16,-1.8014398509481984e+16,0,0.03650729502386494,0.9132324898280484,0
0.28500000000112435,0.0,0,0.0,0.9499999999997918,0
0.0,0.0,0,0.7999999999994734,0.0,0
0.0,0.0,0,0.8999999999997368,0.0,0
-9007199254740992.0,6755399441055744.0,0,0.8752917985558013,0.04665989892594055,0
4.503599627370496e+16,-1.8014398509481984e+16,0,0.8252917985556696,0.04665989892594055,0
0.0,0.0,0,0.8499999999996051,0.0,0
-2.251799813685248e+16,2.730307274093363e+16,0,0.7770451456787852,0.042311655315028576,0
0.0,0.0,0,0.69999999999921,0.0,0
0.0,0.0,0,0.5999999999989468,0.0,0
0.0,7.205759403792794e+16,0,0.6749455832138854,0.0509257006979687,0
-6755399441055744.0,-4503599627370496.0,0,0.6249455832137538,0.0509257006979687,0
0.0,0.0,0,0.6499999999990784,0.0,0
4503599627370496.0,-1.3510798882111488e+16,0,0.9133974596212902,0.036602540378518164,0
0.0,0.0,0,0.9499999999998684,0.0,0
2.026619832316723e+16,-4.053239664633446e+16,0,0.7270451456786535,0.042311655315028576,0
0.0,0.0,0,0.7499999999993416,0.0,0
-4503599627370496.0,-9007199254740992.0,0,0.5517152604312172,0.08777679223578644,0
2251799813685248.0,3.602879701896397e+16,0,0.6008032134298891,0.09481409681586192,0
1.8014398509481984e+16,-1.3510798882111488e+16,0,0.575857630215082,0.04388839611789322,0
2.7021597764222976e+16,-2.7021597764222976e+16,0,0.5623862302147142,0.12526987326957043,0
3.377699720527872e+16,-4.503599627370496e+16,0,0.4901069623970626,0.1617016084857604,0
0.0,0.0,0,0.4565879557527611,0.2537980617170617,0
3.602879701896397e+16,-8.106479329266893e+16,0,0.4733474590749118,0.20774983510141104,0
1.688849860263936e+16,-1.3510798882111488e+16,0,0.5167595036210363,0.2077498351541126,0
0.0,0.0,0,0.5000000002988856,0.2537980617697633,0
-2.251799813685248e+16,-9007199254740992.0,0,0.5315820811976368,0.16223228139455742,0
-9007199254740992.0,3.152519739159347e+16,0,0.5209111114141399,0.12473920036077342,0
-1.170935903116329e+17,8.106479329266893e+16,0,0.1702816252336572,0.4712835897903899,0
-2.8823037615171174e+17,2.8823037615171174e+17,0,0.096344954781654,0.5502193505708696,0
-3.602879701896397e+16,7.205759403792794e+16,0,0.1333132900076556,0.5107514701806297,0
-1.7113678584007885e+17,2.8823037615171174e+17,0,0.1408983464285118,0.5542594248619015,0
1.8014398509481984e+16,-7.205759403792794e+16,0,0.17786668165451341,0.5147915444716618,0
-1.8014398509481984e+16,-3.602879701896397e+16,0,0.2101408126168286,0.4856417945563845,0
0.0,0.0,0,0.2650768449394766,0.4144949637950532,0
4.053239664633446e+16,-2.589569785738035e+16,0,0.2176792350865669,0.44288927679272155,0
0.0,0.0,0,0.2575384224697383,0.45724748155871614,0
2.161727821137838e+17,-4.323455642275676e+17,0,0.12386429730617385,0.5881971656769239,0
-1.3510798882111488e+17,1.9815838360430182e+17,0,0.08864736448747768,0.6032635652003431,0
1.4399999999983357,0.0,0,0.0,0.6000000000013869,0
-8.106479329266893e+16,0.0,0,0.048172477390827,0.5751096752861282,0
7.205759403792794e+16,-2.161727821137838e+17,0,0.04047488709665068,0.6281538899156018,0
1.2599999999983358,0.0,0,0.0,0.7000000000006934,0
0.0,-7.205759403792794e+16,0,0.03884576083863886,0.7265874693325897,0
-9.007199254740992e+16,2.5220157913274778e+17,0,0.04047488709665068,0.678153889915255,0
1.3649999999981277,0.0,0,0.0,0.6500000000010402,0
1.1249999999989602,0.0,0,0.0,0.7500000000003466,0
0.0,0.0,0,0.4999999999986943,0.0,0
-3940649673949184.0,0.0,0,0.5258576302149558,0.04388839611789322,0
0.0,0.0,0,0.5499999999988205,0.0,0
9007199254740992.0,-1.8014398509481984e+16,0,0.4829943716254921,0.06882589731417799,0
-4.503599627370496e+16,5.404319552844595e+16,0,0.4203798861166641,0.1002769828833987,0
1.080863910568919e+17,1.4411518807585587e+17,0,0.3868823891419854,0.1914626327612873,0
6.305039478318694e+16,-1.2610078956637389e+17,0,0.4036311376293248,0.145869807822343,0
-2.7021597764222976e+16,0.0,0,0.45524342425686337,0.13098929568457957,0
-5.404319552844595e+16,3.602879701896397e+16,0,0.438494675769524,0.17658212062352385,0
-1.8014398509481984e+16,1.2610078956637389e+17,0,0.42173517244737324,0.22263034723917452,0
0.0,0.0,0,0.3749999999999999,0.2834936490538904,0
5.404319552844595e+16,-9.907919180215091e+16,0,0.3809411945709926,0.23747814090758884,0
0.0,0.0,0,0.4157939778763805,0.26864585538547603,0
-1.5762598695796736e+16,-4503599627370496.0,0,0.5173548160283546,0.07830134477498221,0
2251799813685248.0,2251799813685248.0,0,0.48655066701127736,0.1152637528999692,0
-5207287069147136.0,1.3510798882111488e+16,0,0.4516871288710781,0.08455144009878834,0
9007199254740992.0,-1.5762598695796736e+16,0,0.49149718581209323,0.03441294865708899,0
-3.7830236869912166e+17,3.602879701896397e+17,0,0.0811951177661838,0.440634069298818,0
0.0,2.161727821137838e+17,0,0.0887700362739189,0.4954267099348438,0
1.8014398509481984e+17,-2.7021597764222976e+17,0,0.1257383714999205,0.455958829544604,0
7.205759403792794e+16,0.0,0,0.1735902182446075,0.3831983063601789,0
-7.205759403792794e+16,-7.205759403792794e+16,0,0.12739266800539564,0.41191618782949846,0
-7.205759403792794e+16,2.5220157913274778e+17,0,0.17193592173913236,0.4272409480752844,0
-3.602879701896397e+16,-2.7021597764222976e+16,0,0.21933353159204205,0.39884663507761603,0
1.8014398509481984e+16,-5.404319552844595e+16,0,0.2279956186894465,0.3122103178831221,0
0.0,0.0,0,0.3084888893362516,0.3393030974401263,0
-9007199254740992.0,4503599627370496.0,0,0.26824225401284907,0.32575670766162423,0
0.0,0.0,0,0.24653623181446155,0.36335264083908764,0
0.0,0.0,0,0.2867828671378641,0.3768990306175898,0
1.4999999999999998,0.0,0,0.0,0.5000000000020587,0
8.556839292003942e+16,-1.8464758472219034e+17,0,0.0405975588830919,0.47031703465043834,0
5.516909543528858e+16,-2.7021597764222976e+16,0,0.048172477390827,0.5251096752864641,0
1.4849999999989663,0.0,0,0.0,0.5500000000017228,0
7.768709357214106e+16,1.8014398509481984e+16,0,0.20079291846702702,0.3477043121216505,0
0.0,0.0,0,0.3999999999989749,0.0,0
-5.742089524897382e+16,9.007199254740992e+16,0,0.3407769662527846,0.08874378962798046,0
-2.7021597764222976e+16,2.7021597764222976e+16,0,0.38057842618472437,0.09451038625568958,0
-5.404319552844595e+16,3.602879701896397e+16,0,0.363829677697385,0.14010321119463387,0
4.323455642275676e+17,2.8823037615171174e+17,0,0.2876629906313635,0.1623065151347233,0
-8.106479329266893e+16,1.8014398509481984e+17,0,0.31421997844207405,0.12552515238135187,0
5.404319552844595e+16,-1.8014398509481984e+17,0,0.33727268988667447,0.1768845739480053,0
7.205759403792794e+16,2.161727821137838e+17,0,0.2934120446044775,0.2537980617902357,0
3.9631676720860365e+17,2.161727821137838e+17,0,0.2905375176179205,0.20805228846247947,0
-5.404319552844595e+16,1.4411518807585587e+17,0,0.34014721687323146,0.22263034727576148,0
-7.205759403792794e+16,1.080863910568919e+17,0,0.3342060223022387,0.26864585542206304,0
-5.404319552844595e+16,-2.7021597764222976e+16,0,0.30095046697036454,0.296550579615181,0
0.0,0.0,0,0.34174444466812576,0.31139837324700836,0
-1.8014398509481984e+16,0.0,0,0.4414971858122335,0.03441294865708899,0
9007199254740992.0,3.602879701896397e+16,0,0.41018994305781953,0.05013849144169935,0
-5.404319552844595e+16,-9007199254740992.0,0,0.37038848312587974,0.04437189481399023,0
0.0,0.0,0,0.4499999999988346,0.0,0
-3.602879701896397e+16,5.0440315826549555e+17,0,0.08660254037879478,0.3500000000014563,0
1.4411518807585587e+17,-1.080863910568919e+17,0,0.08389882907248929,0.3953170346501371,0
-1.8014398509481984e+17,1.8014398509481984e+17,0,0.13009637931170115,0.3665991531808176,0
-2.161727821137838e+17,2.5220157913274778e+17,0,0.1511106403150097,0.2931728097703813,0
1.4411518807585587e+17,-7.205759403792794e+16,0,0.16235042927980858,0.33818555806528006,0
1.8014398509481984e+16,7.205759403792794e+16,0,0.11885659034690224,0.32158640488591883,0
1.4400000000019975,0.0,0,0.0,0.4000000000016644,0
1.8014398509481984e+16,6192449487634432.0,0,0.04330127018939739,0.37500000000156036,0
-4.953959590107546e+16,6.192449487634432e+16,0,0.0405975588830919,0.4203170346502412,0
1.485000000001117,0.0,0,0.0,0.4500000000018616,0
-1.8014398509481984e+17,1.080863910568919e+17,0,0.1895531295022281,0.30269156382675166,0
3.602879701896397e+16,-1.8014398509481984e+17,0,0.2163109657596334,0.2266645465384687,0
-1.4411518807585587e+17,1.080863910568919e+17,0,0.25486150518205547,0.24023130416435218,0
1.080863910568919e+17,-2.7021597764222976e+16,0,0.22215329222453994,0.2694374322107954,0
-5.404319552844595e+16,1.080863910568919e+17,0,0.18371080303732157,0.259918678154425,0
-1.8014398509481984e+16,-5.404319552844595e+16,0,0.260703831646962,0.28300418983667885,0
0.0,0.0,0,0.2999999999992664,0.0,0
1.8014398509481984e+16,1.2610078956637389e+17,0,0.2497365316284538,0.0784166069884736,0
-2.7021597764222976e+16,1.8014398509481984e+16,0,0.2748682658138601,0.0392083034942368,0
4.503599627370496e+16,0.0,0,0.2952567489406192,0.08358019830822702,0
1.8014398509481984e+16,-3.602879701896397e+16,0,0.3203884831260255,0.04437189481399023,0
0.0,0.0,0,0.3499999999991207,0.0,0
1.8014398509481984e+16,1.8014398509481984e+16,0,0.2686997611299087,0.12036156106159845,0
-1.080863910568919e+17,1.4411518807585587e+17,0,0.1886452577882862,0.1486327586813461,0
-1.3961158844848538e+17,4.503599627370496e+16,0,0.23815412420982485,0.1554696369080347,0
-1.8014398509481984e+16,1.9815838360430182e+17,0,0.2024781117739598,0.1876486526099074,0
-3.602879701896397e+16,-1.4411518807585587e+17,0,0.2519869781954985,0.194485530836596,0
1.035827914295214e+17,-8.106479329266893e+16,0,0.21919089470837,0.11352468283490985,0
1.2600000000029958,0.0,0,0.0,0.3000000000012483,0
0.0,7.205759403792794e+16,0,0.08386313308992518,0.2496844419312267,0
-3.602879701896397e+16,-1.4411518807585587e+17,0,0.08523283673435998,0.2998422209663415,0
1.4411518807585587e+17,1.4411518807585587e+17,0,0.04193156654496259,0.2748422209662375,0
-7.205759403792794e+16,1.2610078956637389e+17,0,0.04330127018939739,0.3250000000013523,0
1.3650000000026217,0.0,0,0.0,0.35000000000145637,0
0.0,1.4411518807585587e+17,0,0.11748688670246744,0.271428625850804,0
1.080863910568919e+17,0.0,0,0.1426375643733759,0.2069170080711501,0
2251799813685248.0,-6.755399441055744e+16,0,0.16564141108083105,0.17777488337624808,0
-7.205759403792794e+16,-3.602879701896397e+16,0,0.17947426506650466,0.2167907773048094,0
8.106479329266893e+16,-9.007199254740992e+16,0,0.1468741023441928,0.2500449089207657,0
-1.8014398509481984e+16,7.205759403792794e+16,0,0.11325034873165055,0.22830072500118842,0
0.0,0.0,0,0.1999999999995579,0.0,0
3.602879701896397e+16,-5.404319552844595e+16,0,0.22486826581400585,0.0392083034942368,0
0.0,0.0,0,0.24999999999941214,0.0,0
-6.305039478318694e+16,1.3961158844848538e+17,0,0.1517011030132487,0.07448552463928214,0
1.8014398509481984e+16,-7.205759403792794e+16,0,0.08660254037880416,0.1500000000006241,0
-1.4411518807585587e+17,-1.4411518807585587e+17,0,0.11462005237609003,0.1784585040358871,0
3.602879701896397e+16,2.7021597764222976e+16,0,0.13762389908354516,0.1493163793409851,0
-9.007199254740992e+16,7.205759403792794e+16,0,0.17017318040076745,0.11155914166031411,0
1.2610078956637389e+17,-7.205759403792794e+16,0,0.11915182169602644,0.11224276231995312,0
-5.404319552844595e+16,3.602879701896397e+16,0,0.20071881732085126,0.07645106581387787,0
0.0,9.007199254740992e+16,0,0.1758505515064033,0.03724276231964107,0
0.960000000002996,0.0,0,0.0,0.2000000000008322,0
-1.080863910568919e+17,2.161727821137838e+17,0,0.08523283673436467,0.1998422209659254,0
7.656119366529843e+16,-1.5762598695796736e+17,0,0.04193156654496259,0.22484222096602946,0
-3.602879701896397e+16,3.602879701896397e+16,0,0.04330127018940208,0.17500000000072816,0
1.1250000000031208,0.0,0,0.0,0.2500000000010403,0
0.0,0.0,0,0.09999999999981467,0.0,0
-1.8014398509481984e+16,-2.7021597764222976e+16,0,0.12585055150653168,0.03724276231964107,0
0.0,0.0,0,0.14999999999968627,0.0,0
-5.62949953421312e+16,9.007199254740992e+16,0,0.07320508075713333,0.07320508075729446,0
1.3510798882111488e+16,3.602879701896397e+16,0,0.08660254037847401,0.03660254037864723,0
1.8014398509481984e+16,3.602879701896397e+16,0,0.11245309188519102,0.07384530269828829,0
-1.8014398509481984e+16,0.0,0,0.07990381056796875,0.11160254037895928,0
0.5400000000019969,0.0,0,0.0,0.100000000000416,0
0.0,3.602879701896397e+16,0,0.04330127018940208,0.12500000000052006,0
0.7650000000026214,0.0,0,0.0,0.1500000000006241,0
-2.7021597764222976e+16,0.0,0,0.03660254037856667,0.08660254037885523,0
0.0,0.0,0,0.0,0.0,0
-3.602879701896397e+16,3.602879701896397e+16,0,0.03660254037856667,0.03660254037864723,0
0.0,0.0,0,0.049999999999907334,0.0,0
0.28500000000112324,0.0,0,0.0,0.050000000000208,0
