t,dt,h,F_spread,F_at_h,z_min,z_max,min_nz,max_slope,max_drift,stretch_max,stretch_min
154952.45979948647,0.0,4.624987768111159,0.0008658142710555178,-0.01684554375002774,-11.571927914044998,4.624987768111163,0.5034789043208339,1.7160749171296206,0.00011634533216424789,1.9860946173853944,0.9980352508098036
155002.45979948647,50.0,4.649170035966519,0.0008393562490241731,-2.0242753615037196e-09,-11.58704177758753,4.649170035966524,0.5021202994346134,1.7222920157479018,0.0010368275088322978,1.9905545141603227,0.9980356969893681
155102.45979948647,100.0,4.688308200984616,0.0008686933021952753,1.735263891264197e-10,-11.617702341568677,4.688308200984618,0.49907744108360436,1.736318489482424,0.003020601322083026,2.0005856359765404,0.9980363665315367
155302.45979948647,200.0,4.75882822130485,0.0008922053798699526,8.244012937586032e-11,-11.679655285870082,4.758828221304854,0.4921261030989491,1.7689041821722202,0.007129965880925447,2.0237272689437926,0.9980354014426144
155702.45979948647,400.0,4.895744246512935,0.0009132058401860911,1.0714197622640684e-11,-11.806420400198967,4.895744246512937,0.4781695409301918,1.8367283468428954,0.015786478897678913,2.071899953900698,0.9980327797450183
156502.45979948647,800.0,5.180580366864736,0.0009510743377868538,-7.691262739000469e-11,-12.079475206842783,5.1805803668647386,0.4491342396542298,1.9893034411210548,0.03537115730827478,2.178773326789549,0.9916227455433949
157997.82262417153,1495.362824685048,5.793786577132155,0.0010217233166051236,-4.769642525988965e-14,-12.690386373641282,5.79378657713216,0.38722161629135243,2.381030994470771,0.08513590167109951,2.437169818683356,0.9547222757266451
159275.37412668398,1277.5515025124403,6.42917624617217,0.0010661085070691437,-3.082102444356555e-13,-13.282936584962432,6.429176246172179,0.3248449585954316,2.9114420821234126,0.15167650213671455,2.7520298300056085,0.9172803721663138
160301.98062652446,1026.6064998404756,7.033366653061325,0.0010572303859971146,-1.791037614442062e-13,-13.811169091811886,7.033366653061331,0.2697792469607904,3.5692967790264705,0.22679317664200518,3.08527854141748,0.8823251640023381
161138.44268702803,836.4620605035855,7.599335534765284,0.0009738500756782474,-7.921465675249373e-14,-14.279458193987626,7.599335534765292,0.21618703410593648,4.51623739824086,0.30778655990667714,3.426089590769019,0.8500956271892982
161835.04293986553,696.6002528374979,8.12799424514,0.0008817923654687989,-3.879036848675188e-14,-14.705075194541706,8.127994245140005,0.16870186271971754,5.842657035409744,0.40495722673143203,3.7846864699929066,0.820394271182158
162414.65562254607,579.6126826805544,8.61002144231739,0.0007334864548390101,-4.2814330639823206e-15,-15.106177670068908,8.610021442317407,0.12783187938232346,7.758595555904937,0.5125190012503544,4.187745270669392,0.7936018230934581
162904.9718337997,490.3162112536429,9.045757567637413,0.0005024483620743761,-4.657696270771866e-09,-15.467380500321191,9.045757567637423,0.09273061650759241,10.737459440548383,0.6447598919186031,4.688188200412613,0.769554507917886
163320.27789629117,415.3060624914557,9.426437008425363,0.0004362365422436916,-3.4132742858798866e-10,-15.796615490842687,9.426437008425369,0.06044251490079517,16.514396885324828,0.8214776349562694,5.365915320186236,0.7485790558967786
163644.01044839178,323.73255210061245,9.70490755800463,0.0010383356983930017,2.8888449800715255e-09,-16.0843152831897,9.704907558004637,0.019198629183522276,52.077451977229906,1.0590499546111687,6.38021983992516,0.7330029743657824
