kind,t,v0,v0_over_v0c,SL,A,max_abs_z,lead_re,lead_im
amplitude,-0.3,0.14872275600015994,0.5362943729639807,14.872275600015994,0.8000000000000014,0.7973311293790568,-3.8847994331613855e-05,0.0
amplitude,-0.3,0.1802358942163325,0.6499307737024886,18.02358942163325,0.9999999999999986,0.9824441280033698,-2.9923357300689454e-05,0.0
amplitude,-0.3,0.19929848998228106,0.7186705087525453,19.929848998228106,1.200000000000004,1.1702739331593144,-2.4277443667357598e-05,0.0
amplitude,-0.3,0.2120233959760038,0.7645565295906867,21.202339597600382,1.4000000000000068,1.3599112433525755,-2.035152265477116e-05,0.0
amplitude,-0.3,0.22107791736162657,0.7972071406981509,22.107791736162657,1.599999999999998,1.5518044717044326,-1.743343188697536e-05,0.0
amplitude,-0.3,0.22780979530713613,0.8214822977672763,22.780979530713612,1.800000000000002,1.7460391811730227,-1.515222478042664e-05,0.0
amplitude,-0.3,0.23297317540571705,0.840101450389355,23.297317540571704,2.0000000000000058,1.941785097113031,-1.3295737318903361e-05,0.0
amplitude,-0.3,0.23702303663493868,0.854705253108787,23.70230366349387,2.200000000000001,2.1371047886749635,-1.1733852858417836e-05,0.0
amplitude,-0.3,0.24025023444388252,0.8663425308995267,24.025023444388253,2.400000000000003,2.3321064865445176,-1.0382351913820536e-05,0.0
amplitude,-0.3,0.24284945960462745,0.8757153388360096,24.284945960462746,2.600000000000003,2.5268709623353627,-9.184337212657217e-06,0.0
amplitude,-0.3,0.24495601319296523,0.8833115727020053,24.495601319296522,2.7999999999999985,2.7214600745234327,-8.100011863488172e-06,0.0
amplitude,-0.3,0.2466669576263034,0.8894812396496264,24.66669576263034,3.000000000000005,2.915922084264228,-7.100716362906952e-06,0.0
amplitude,-0.3,0.24805360131299875,0.8944814778544641,24.805360131299874,3.20000000000001,3.1138544821832967,-6.1653742135273685e-06,0.0
amplitude,-0.3,0.2491697965523767,0.8985064787494645,24.916979655237668,3.3999999999999955,3.3136503195288203,-5.278093552704942e-06,0.0
amplitude,-0.3,0.2500568700416866,0.9017052664368168,25.00568700416866,3.600000000000016,3.513351709937207,-4.4267392755172895e-06,0.0
amplitude,-0.3,0.2507471347700398,0.9041943615802053,25.07471347700398,3.8000000000000136,3.712960765143935,-3.601903507329624e-06,0.0
amplitude,-0.3,0.2512662554010003,0.9060663109762568,25.12662554010003,4.000000000000001,3.9124787082721633,-2.796208128739578e-06,0.0
amplitude,-0.3,0.2516349068133324,0.9073956682537586,25.16349068133324,4.199999999999994,4.111906035421231,-2.003812676051819e-06,0.0
amplitude,-0.3,0.2518699605584956,0.9082432722402998,25.18699605584956,4.400000000000009,4.311242640354627,-1.2200602896347142e-06,0.0
amplitude,-0.3,0.2519853488432385,0.9086593624841728,25.19853488432385,4.599999999999996,4.5104879114541,-4.4121850496271584e-07,0.0
amplitude,-0.3,0.25199270380297645,0.9086858844746667,25.199270380297644,4.800000000000014,4.709640807860693,3.357135292749336e-07,0.0
amplitude,-0.3,0.25190183735606525,0.9083582199969478,25.190183735606524,5.000000000000007,4.908699919881736,1.1131504939941815e-06,0.0
amplitude,-0.3,0.2517211061084858,0.9077065029786354,25.17211061084858,5.199999999999985,5.107663517424183,1.8930320720818454e-06,0.0
amplitude,-0.3,0.2514576921425824,0.9067566320142084,25.14576921425824,5.399999999999979,5.306529589258708,2.676908958022543e-06,0.0
amplitude,-0.3,0.2511178214186671,0.905531057921359,25.111782141866712,5.599999999999999,5.505295875225445,3.4660101475030436e-06,0.0
amplitude,-0.3,0.250706935331683,0.904049402374453,25.0706935331683,5.799999999999984,5.703959892980117,4.26129613991591e-06,0.0
amplitude,-0.3,0.25022982669208904,0.9023289482517063,25.022982669208904,6.00000000000003,5.902518960502397,5.0635014189668125e-06,0.0
amplitude,-0.3,0.2496907484058659,0.9003850315353684,24.96907484058659,6.199999999999986,6.100970215305475,5.873168697508946e-06,0.0
amplitude,-0.3,0.2490935010001467,0.8982313569292161,24.90935010001467,6.399999999999993,6.299310631074104,6.690676772448901e-06,0.0
amplitude,-0.3,0.24844148660035614,0.8958801925001573,24.844148660035614,6.600000000000008,6.4975370351830755,7.516257566656707e-06,0.0
amplitude,-0.3,0.24773783578928513,0.8933428271321532,24.773783578928512,6.800000000000002,6.695646110200851,8.35003852505309e-06,0.0
amplitude,-0.3,0.24698535053135792,0.8906293647110811,24.698535053135792,6.99999999999997,6.893634423120099,9.192022887901971e-06,0.0
amplitude,-0.3,0.24618661412431056,0.8877491206105717,24.618661412431056,7.199999999999995,7.091498424665855,1.0042126888735711e-05,0.0
amplitude,-0.3,0.2453440059444628,0.884710674863471,24.53440059444628,7.400000000000006,7.289234462410932,1.0900185015723801e-05,0.0
amplitude,-0.3,0.2444597286618617,0.8815219702996695,24.445972866186167,7.599999999999964,7.486838790426539,1.1765959680172934e-05,0.0
amplitude,-0.3,0.24353583104289134,0.87819039477233,24.353583104289132,7.799999999999967,7.684307578524291,1.2639149564015172e-05,0.0
amplitude,-0.3,0.242574227135517,0.8747228503398929,24.257422713551698,7.9999999999999805,7.88163692119976,1.3519396889853241e-05,0.0
amplitude,-0.3,0.24001678061137033,0.8655006961992403,24.00167806113703,8.5,8.37432399672495,1.574810690613335e-05,0.0
amplitude,-0.3,0.23726002344595656,0.8555598277322927,23.726002344595656,8.99999999999999,8.866051078906157,1.8010768037446903e-05,0.0
amplitude,-0.3,0.23432625488540595,0.8449806560378128,23.432625488540594,9.49999999999999,9.356753255577187,2.029860161912317e-05,0.0
amplitude,-0.3,0.23123536339617015,0.833834898941181,23.123536339617015,9.99999999999999,9.846365008823188,2.260190393938192e-05,0.0
amplitude,-0.3,0.22800531561032372,0.82218734413153,22.800531561032372,10.500000000000057,10.334821058611029,2.4910348961033064e-05,0.0
amplitude,-0.3,0.2246524990492865,0.8100970850237526,22.46524990492865,10.99999999999996,10.822057224582435,2.7213248982615702e-05,0.0
amplitude,-0.3,0.22119196575827219,0.7976183993045106,22.119196575827218,11.499999999999993,11.308011306573407,2.9499787140463453e-05,0.0
amplitude,-0.3,0.21763760772369756,0.784801381487549,21.763760772369757,12.000000000000027,11.792623979642798,3.175923097300848e-05,0.0
amplitude,-0.3,0.21400228455911185,0.771692403349255,21.400228455911186,12.49999999999997,12.275839693550664,3.398113359842039e-05,0.0
amplitude,-0.3,0.2102979171322409,0.7583344515478521,21.029791713224093,13.000000000000004,12.757607558353573,3.6155527902088446e-05,0.0
amplitude,-0.3,0.2065355561677401,0.7447673750049796,20.65355561677401,13.50000000000004,13.237882186118508,3.827311974541591e-05,0.0
amplitude,-0.3,0.20272543148641248,0.7310280624623517,20.272543148641248,13.999999999999945,13.71854555825093,4.0325489218811353e-05,0.0
amplitude,-0.3,0.19887698479802596,0.7171505607326814,19.887698479802594,14.499999999999988,14.21412730227321,4.230531480459526e-05,0.0
amplitude,-0.3,0.19499888644847252,0.7031661350899494,19.499888644847253,15.000000000000055,14.709517450648956,4.420664276465812e-05,0.0
amplitude,-0.3,0.1910990341642296,0.6891032647419312,19.10990341642296,15.500000000000057,15.204621313221127,4.602522841602808e-05,0.0
amplitude,-0.3,0.18718453006433772,0.6749875599353702,18.718453006433773,16.000000000000064,15.699349011895439,4.7758969089901566e-05,0.0
amplitude,-0.3,0.18326163182087665,0.6608415858406177,18.326163182087665,16.500000000000046,16.19361886641994,4.9408426973635984e-05,0.0
amplitude,-0.3,0.1793356748863869,0.6466845821036543,17.93356748863869,16.99999999999988,16.687362274185165,5.097742793798112e-05,0.0
amplitude,-0.3,0.1754109614793762,0.6325320625277403,17.541096147937623,17.500000000000004,17.1805302566484,5.24738090888107e-05,0.0
amplitude,-0.3,0.17149059634945893,0.6183952228423826,17.149059634945893,18.000000000000032,17.673100816362798,5.3910754886710234e-05,0.0
amplitude,-0.3,0.16757619408063848,0.6042798852387439,16.75761940806385,18.500000000000018,18.16508425103445,5.5310073140513676e-05,0.0
amplitude,-0.3,0.1636672467827238,0.590184218264403,16.36672467827238,18.999999999999986,18.656521439575094,5.6710581904194044e-05,0.0
amplitude,-0.3,0.15975966097101435,0.5760934608103695,15.975966097101434,19.49999999999999,19.14747051613252,5.818811630552682e-05,0.0
amplitude,-0.3,0.15584246886441547,0.5619680630495477,15.584246886441546,20.00000000000002,19.637980554431692,5.98987029720917e-05,0.0
