h,F_coarse,F_fine,rel_diff_F,lambda_coarse,lambda_fine,rel_diff_lambda
0.000000000000000000e+00,-2.035224650537059699e+00,-2.035250000000000004e+00,1.245520842171971261e-05,-1.866541005161355127e+00,-1.865899999999999892e+00,3.435367175921725581e-04
2.500000000000000000e-01,-2.924587802922451463e+00,-2.924490000000000034e+00,3.344272760427587077e-05,-1.848475602898595360e+00,-1.847900000000000098e+00,3.114902855107214434e-04
5.000000000000000000e-01,-3.719753070395470651e+00,-3.719549999999999912e+00,5.459542027146808681e-05,-1.798652595010372002e+00,-1.798100000000000032e+00,3.073216230309605296e-04
7.500000000000000000e-01,-4.383113992854714702e+00,-4.382850000000000357e+00,6.023314845690486813e-05,-1.720682759976070786e+00,-1.720099999999999962e+00,3.387942422363952855e-04
1.000000000000000000e+00,-4.890249792832523923e+00,-4.889949999999999797e+00,6.130795458524650242e-05,-1.619916946674290203e+00,-1.619399999999999951e+00,3.192211154070969770e-04
1.250000000000000000e+00,-5.231384141311279379e+00,-5.231090000000000018e+00,5.622944955628008041e-05,-1.502686332452623841e+00,-1.502199999999999980e+00,3.237468064331387729e-04
1.500000000000000000e+00,-5.410432584483215734e+00,-5.410160000000000302e+00,5.038381179400096700e-05,-1.375513500708289483e+00,-1.375000000000000000e+00,3.734550605741692375e-04
1.750000000000000000e+00,-5.442249999871151545e+00,-5.442009999999999792e+00,4.410132858112216007e-05,-1.244444972372592995e+00,-1.243999999999999995e+00,3.576948332741157043e-04
2.000000000000000000e+00,-5.348968974831347367e+00,-5.348790000000000155e+00,3.346080727551683506e-05,-1.114594298048526166e+00,-1.114200000000000079e+00,3.538844449166102832e-04
2.250000000000000000e+00,-5.156285482205014148e+00,-5.156170000000000364e+00,2.239689634239829129e-05,-9.899159467391971390e-01,-9.895100000000000007e-01,4.102502644714437386e-04
2.500000000000000000e+00,-4.890305336982248008e+00,-4.890279999999999738e+00,5.181090295089368209e-06,-8.731775119015743325e-01,-8.727899999999999547e-01,4.439921419521050596e-04
2.750000000000000000e+00,-4.575256258137905263e+00,-4.575350000000000250e+00,2.048845707869059523e-05,-7.660708580094037767e-01,-7.656800000000000272e-01,5.104717498220529438e-04
3.000000000000000000e+00,-4.232106131597390686e+00,-4.232350000000000279e+00,5.762009347279708257e-05,-6.693991774455200217e-01,-6.690000000000000391e-01,5.966777959939948859e-04
3.250000000000000000e+00,-3.877960077891540180e+00,-3.878390000000000004e+00,1.108506644406116184e-04,-5.832879598644179486e-01,-5.828600000000000447e-01,7.342412662009811320e-04
3.500000000000000000e+00,-3.526040726991119811e+00,-3.526689999999999880e+00,1.841026596837457062e-04,-5.073852309012906181e-01,-5.069200000000000372e-01,9.177600041240843156e-04
3.750000000000000000e+00,-3.186069088510734559e+00,-3.186929999999999819e+00,2.701381860490375663e-04,-4.410359393047321719e-01,-4.405200000000000227e-01,1.171205177363454902e-03
4.000000000000000000e+00,-2.864979868216543935e+00,-2.865819999999999812e+00,2.931558100145429833e-04,-3.834380655597211529e-01,-3.828300000000000036e-01,1.588343546015592422e-03
4.250000000000000000e+00,-2.568792302706768282e+00,-2.568039999999999878e+00,2.929482043770361972e-04,-3.338121685545802353e-01,-3.329699999999999882e-01,2.529262559931066360e-03
4.500000000000000000e+00,-2.317384153482215936e+00,-2.298140000000000072e+00,8.373795104830803609e-03,-2.915915163062618998e-01,-2.900599999999999845e-01,5.279998297807058684e-03
