t,dt,G,N,phi_min,phi_max,z_min,z_max
0.0,0.0,25.01633089284175,4.650003397237269,-0.008078967696216167,0.01,0.0,0.0
200.0,200.0,24.99254730480764,1.6515479020869994,-0.0006957956695224197,0.0012882511061462207,-0.0007684924554082069,0.000882633964440039
500.0,300.0,24.9922008043214,0.22458808712759684,-0.00024860792490355747,0.0003907651107102418,-0.0008032664412552449,0.0009184766003027802
950.0,450.0,24.99218017342324,-0.14703396451462758,-0.00021836249656803224,0.00013547196215748716,-0.0007350634552647934,0.000819064914549481
1625.0,675.0,24.992173340288694,-0.10429517305612203,-6.81066161275584e-05,1.841546617013332e-05,-0.0006698680483828935,0.0007375119984963802
2637.5,1012.5,24.992172739236796,-0.015371566663821118,-2.0918933847448475e-05,1.5039922220215683e-05,-0.0006068616976810457,0.0007048956146329975
4156.25,1518.75,24.99217271649811,0.012635380601628634,-1.4184901330600942e-05,1.681253761313728e-05,-0.0005613503823764594,0.0006678929044768601
6434.375,2278.125,24.992172707715046,0.010959282520595722,-1.1977346423951171e-05,1.2947210044376113e-05,-0.0005361193531906868,0.0006037753239285656
9851.5625,3417.1875,24.99217270002342,0.00773192335343185,-9.86822626262408e-06,1.1220664870874388e-05,-0.0005088006086730031,0.0005396531579937862
14851.5625,5000.0,24.992172694695356,0.005560305929185771,-8.069274320790044e-06,9.432863990862475e-06,-0.00047237172378523815,0.0004781813612957395
19851.5625,5000.0,24.992172691981526,0.003939121574116718,-7.1215740139038335e-06,8.144465403163868e-06,-0.00044397870790330237,0.0004386199142094087
24851.5625,5000.0,24.992172690391918,0.0027448018831249883,-6.516952294195274e-06,7.251642243083203e-06,-0.0004223283535156779,0.0004096930419316444
29851.5625,5000.0,24.9921726893613,0.0019244815975410189,-6.0454569233987896e-06,6.62478666577482e-06,-0.00040135778310231577,0.0003848811717904912
34851.5625,5000.0,24.992172688633012,0.001370818298193561,-5.638105672329205e-06,6.156157241802236e-06,-0.00038606602671060325,0.00036280238098439764
39851.5625,5000.0,24.9921726880825,0.0009967015358576365,-5.278512746299051e-06,5.784609328111024e-06,-0.0003707910084544382,0.00034274858290881137
44851.5625,5000.0,24.99217268764382,0.0007428433576258718,-4.9635520654827405e-06,5.46203622946539e-06,-0.00035584451730865155,0.0003242908449207661
49851.5625,5000.0,24.9921726872796,0.00056999707004229,-4.677152613761217e-06,5.187122259996949e-06,-0.00034139272386308,0.00030719358695523245
54851.5625,5000.0,24.99217268696758,0.00045219588636893123,-4.414564965606682e-06,4.935762138559679e-06,-0.00032796460293665447,0.00029184757899685217
59851.5625,5000.0,24.992172686694428,0.00037213528010125746,-4.171989331190606e-06,4.704666736535211e-06,-0.00031561765545860956,0.00027729227544527797
64851.5625,5000.0,24.99217268645096,0.0003181459656394086,-4.024469510688494e-06,4.491195975896797e-06,-0.00030363292966178367,0.00026345621791301437
69851.5625,5000.0,24.9921726862321,0.00028225856505527164,-3.9643179007392095e-06,4.293156779234298e-06,-0.0002920673535041696,0.000250281833800807
74851.5625,5000.0,24.99217268603398,0.0002589758187942327,-3.891167230945591e-06,4.108804386156351e-06,-0.0002809501481602927,0.0002377209012469827
79851.5625,5000.0,24.99217268585392,0.00024448297781269797,-3.8100120365203632e-06,3.940105442045078e-06,-0.00027029339487794085,0.00022599587856031894
84851.5625,5000.0,24.99217268568995,0.00023612632243867686,-3.7244329204697016e-06,3.7821735594232546e-06,-0.0002600985647215072,0.00021479077712494322
89851.5625,5000.0,24.992172685540456,0.000232059492479195,-3.637003893816832e-06,3.634268979947931e-06,-0.0002503605361816214,0.0002040325306004908
94851.5625,5000.0,24.99217268540395,0.00023099919899724895,-3.549601574918349e-06,3.4948795163531793e-06,-0.00024107009464171503,0.00019370432625936913
99851.5625,5000.0,24.99217268527938,0.0002320549571759545,-3.4648201042941825e-06,3.36335796158266e-06,-0.0002322155180771361,0.0001837893502851519
104851.5625,5000.0,24.992172685165848,0.00023461008545729134,-3.3823105672640415e-06,3.2391467984777717e-06,-0.00022378360452554455,0.0001742709343786522
109851.5625,5000.0,24.992172685062286,0.00023823855545573047,-3.302858437948945e-06,3.1217619997514946e-06,-0.00021576034975915047,0.00016513265666289137
114851.5625,5000.0,24.992172684967827,0.00024264695690135417,-3.227798224531295e-06,3.0107796964371068e-06,-0.00020813139960199965,0.0001563584139644308
119851.5625,5000.0,24.99217268488181,0.00024763403509117454,-3.1564882786709244e-06,2.9058253907495706e-06,-0.00020088235347520155,0.0001479324752723501
124851.5625,5000.0,24.99217268480361,0.0002530625036803073,-3.090696901754006e-06,2.8065653002166578e-06,-0.00019399896785823542,0.0001398395216545419
129851.5625,5000.0,24.992172684732424,0.0002588394229518304,-3.028848580143046e-06,2.712699437679871e-06,-0.00018746729150523052,0.00013206467553400416
134851.5625,5000.0,24.99217268466775,0.00026490255133993244,-2.971561284348663e-06,2.6246266356259463e-06,-0.00018127375369145373,0.0001245935211311162
139851.5625,5000.0,24.99217268460895,0.00027121086101726316,-2.9197287262056075e-06,2.5438054033701575e-06,-0.00017540521993244623,0.00011741211741614955
144851.5625,5000.0,24.99217268455575,0.00027773795523571395,-2.8718216447991044e-06,2.4675819136671424e-06,-0.0001698490250949164,0.00011050700471916472
149851.5625,5000.0,24.992172684507604,0.0002844675066790447,-2.829194853800462e-06,2.39574860973438e-06,-0.00016459299077356654,0.00010386520603520024
154851.5625,5000.0,24.992172684464055,0.00029139010229775066,-2.792031424268954e-06,2.3281133789483544e-06,-0.00015991295886179046,9.747422397087469e-05
159851.5625,5000.0,24.992172684424734,0.00029850106595672875,-2.758555922330303e-06,2.2645418904388065e-06,-0.00015554053926336708,9.132203418317244e-05
164851.5625,5000.0,24.99217268438922,0.00030579896001297935,-2.730638635682218e-06,2.2082343578397496e-06,-0.00015142960010417877,8.539707606043734e-05
169851.5625,5000.0,24.992172684357527,0.0003132845575911121,-2.7072307458858285e-06,2.1555590230756183e-06,-0.0001475701913851932,7.968824129350226e-05
174851.5625,5000.0,24.992172684328942,0.0003209601406153406,-2.6875811596584007e-06,2.106374138009603e-06,-0.0001439528512138296,7.418486088610193e-05
179851.5625,5000.0,24.992172684303405,0.0003288290228225871,-2.674120330806937e-06,2.060546643079758e-06,-0.0001405685844502126,6.887669106189672e-05
184851.5625,5000.0,24.992172684280764,0.0003368952277857461,-2.664290809591463e-06,2.0206634230226174e-06,-0.00013740884229956267,6.396168517606678e-05
189851.5625,5000.0,24.99217268426071,0.00034516327342535723,-2.6589146551121366e-06,1.9846443259281306e-06,-0.00013446550288137292,5.944098504506604e-05
194851.5625,5000.0,24.99217268424307,0.0003536380294334609,-2.658564752809602e-06,1.9556606020738483e-06,-0.00013173085276726415,5.507898118123578e-05
199851.5625,5000.0,24.992172684227715,0.0003623246244092951,-2.6623790953778887e-06,1.9301815629938856e-06,-0.00012919756945741268,5.0867628331771954e-05
204851.5625,5000.0,24.992172684214243,0.0003712283867225387,-2.6701305766463687e-06,1.9094067838546906e-06,-0.0001268587047540196,4.679920360699388e-05
209851.5625,5000.0,24.99217268420287,0.00038035480811704763,-2.6824205990852926e-06,1.8925895440433984e-06,-0.00012480973194278674,4.286629385889724e-05
214851.5625,5000.0,24.992172684193253,0.00038970952253136634,-2.699318765582748e-06,1.8782063337290303e-06,-0.00012321175891814634,3.907028427474028e-05
219851.5625,5000.0,24.9921726841853,0.000399298295003212,-2.7198734740646783e-06,1.8679105539715635e-06,-0.00012178235654204591,3.5776834074708325e-05
224851.5625,5000.0,24.992172684179046,0.00040912701717545915,-2.7447143326521413e-06,1.8628024697930682e-06,-0.00012051646038931006,3.259082260332601e-05
229851.5625,5000.0,24.992172684174257,0.0004192017070532034,-2.773300007835303e-06,1.859851479850173e-06,-0.00011940929287649214,2.9506518793907097e-05
234851.5625,5000.0,24.9921726841708,0.0004295285114410607,-2.805589324447365e-06,1.8622523897115978e-06,-0.00011876463669443467,2.651842252631552e-05
239851.5625,5000.0,24.99217268416872,0.00044011371001969235,-2.842151087152178e-06,1.8671323768466963e-06,-0.00011833458355430138,2.3694699056944683e-05
244851.5625,5000.0,24.99217268416795,0.00045096372037944265,-2.882436548600303e-06,1.87520906812227e-06,-0.0001180435971386948,2.095870500845174e-05
249851.5625,5000.0,24.992172684168434,0.00046208510357698433,-2.925886177902039e-06,1.8879702250532416e-06,-0.00011788847923060827,1.8673602880642092e-05
254851.5625,5000.0,24.99217268417003,0.00047348456993857787,-2.973409431102783e-06,1.902545359023146e-06,-0.00011786624833236522,1.6456631301639406e-05
259851.5625,5000.0,24.992172684172672,0.0004851689849494823,-3.0237957934586773e-06,1.9196804893949235e-06,-0.00011837869631730687,1.4563214862432453e-05
264851.5625,5000.0,24.99217268417661,0.000497145375132649,-3.0780461361735715e-06,1.942901578494369e-06,-0.00011901860169021289,1.2993465902448758e-05
269851.5625,5000.0,24.99217268418147,0.0005094209338717918,-3.135465711496725e-06,1.9690312688121005e-06,-0.00011977620919720196,1.147350583718588e-05
274851.5625,5000.0,24.992172684187352,0.0005220030271617826,-3.1961447903809758e-06,1.9987849761537458e-06,-0.00012077529325167045,1.0052218097792584e-05
279851.5625,5000.0,24.992172684194493,0.0005348991992847538,-3.259885160904034e-06,2.0309160991076007e-06,-0.00012209309640872964,8.769610568837883e-06
284851.5625,5000.0,24.99217268420234,0.0005481171784243696,-3.3260610318832855e-06,2.0646176915501958e-06,-0.00012351797938532703,7.877959942089862e-06
289851.5625,5000.0,24.992172684211404,0.0005616648822337764,-3.3967279644288496e-06,2.0998943294001537e-06,-0.0001250492962387666,7.013399394141259e-06
294851.5625,5000.0,24.99217268422136,0.000575550423377044,-3.4697751100888304e-06,2.137384692948272e-06,-0.00012668653170249208,6.521629668049681e-06
299851.5625,5000.0,24.99217268423238,0.0005897821150625533,-3.545144346449545e-06,2.1782021445445993e-06,-0.00012846928478085494,6.255043887224504e-06
304851.5625,5000.0,24.992172684244434,0.0006043684765888168,-3.623897275064344e-06,2.2205724867835325e-06,-0.000130613819016508,6.071020716332935e-06
309851.5625,5000.0,24.992172684257444,0.0006193182389206878,-3.7060619307045766e-06,2.2645102223983885e-06,-0.0001328577247361575,5.938397496370017e-06
314851.5625,5000.0,24.992172684271548,0.0006346403503116931,-3.7907305864290927e-06,2.312693546614452e-06,-0.00013520141686765546,5.8804611918677745e-06
319851.5625,5000.0,24.99217268428672,0.0006503439819891046,-3.877819876721043e-06,2.363924983477213e-06,-0.00013764541163800562,5.861709265868555e-06
324851.5625,5000.0,24.99217268430295,0.0006664385339151248,-3.967777307743154e-06,2.416698411265228e-06,-0.00014019032502870114,5.860695671019856e-06
329851.5625,5000.0,24.99217268432027,0.0006829336406366013,-4.061378288642757e-06,2.471040013726645e-06,-0.00014283687137632504,5.891383975176493e-06
334851.5625,5000.0,24.99217268433884,0.0006998391772345256,-4.157513094190076e-06,2.526977160682204e-06,-0.00014558586211320355,5.944353473900643e-06
339851.5625,5000.0,24.992172684358525,0.0007171652653842836,-4.256235126591942e-06,2.5845384132899914e-06,-0.0001485664652547172,6.0027674437081705e-06
344851.5625,5000.0,24.992172684379405,0.0007349222795343443,-4.357599530899816e-06,2.6437535305694524e-06,-0.00015195733491279404,6.0665776662681644e-06
349851.5625,5000.0,24.99217268440151,0.0007531208532142496,-4.462015583420994e-06,2.7046534771557205e-06,-0.00015544530631768794,6.152019066186311e-06
354851.5625,5000.0,24.992172684425014,0.0007717718854783037,-4.570102806079499e-06,2.7672704322597893e-06,-0.00015903221011755612,6.255638401423153e-06
359851.5625,5000.0,24.992172684449788,0.0007908865474903204,-4.680984187120449e-06,2.8316377998114886e-06,-0.00016271994799260737,6.36399838842136e-06
364851.5625,5000.0,24.99217268447599,0.0008104762892617677,-4.794723971939552e-06,2.8979489485635627e-06,-0.00016651049327508243,6.477120258215497e-06
369851.5625,5000.0,24.992172684503505,0.0008305528465437108,-4.911388223031993e-06,2.967274852369034e-06,-0.00017040589163598696,6.595030044832877e-06
374851.5625,5000.0,24.992172684532875,0.0008511282478820214,-5.03104485510756e-06,3.038432573613799e-06,-0.0001744082618378384,6.717758514571486e-06
379851.5625,5000.0,24.99217268456358,0.0008722148218409706,-5.153763671519765e-06,3.1114625410326067e-06,-0.00017851979655276757,6.848004938361154e-06
384851.5625,5000.0,24.992172684596007,0.000893825204401644,-5.27992812343452e-06,3.1874055555481376e-06,-0.00018274276324546047,7.0016702492045095e-06
389851.5625,5000.0,24.99217268463023,0.0009159723465391904,-5.4097711606388185e-06,3.265383662279175e-06,-0.00018707950512048422,7.159862927125953e-06
394851.5625,5000.0,24.99217268466618,0.0009386695219861177,-5.542927358969621e-06,3.345342761563898e-06,-0.00019153244213365421,7.322663437115051e-06
399851.5625,5000.0,24.992172684704045,0.0009619303351855074,-5.679429931444142e-06,3.4273298826863148e-06,-0.00019610407206718493,7.490155653332151e-06
404851.5625,5000.0,24.992172684743867,0.0009857687294416763,-5.8193598988980545e-06,3.511393314346856e-06,-0.00020079697166844364,7.662426880514817e-06
409851.5625,5000.0,24.992172684785693,0.0010101989952708502,-5.96280037853477e-06,3.5975826317352156e-06,-0.00020561379785221387,7.839567878773776e-06
414851.5625,5000.0,24.99217268482978,0.0010352357789605146,-6.109836632041068e-06,3.6859487244636793e-06,-0.00021055728896645208,8.021672891729243e-06
419851.5625,5000.0,24.992172684876046,0.0010608940913402881,-6.2605561150687215e-06,3.7765438253725672e-06,-0.0002156302661215883,8.208839677942115e-06
424851.5625,5000.0,24.99217268492484,0.0010871893167716,-6.415048528108075e-06,3.86942154022143e-06,-0.00022083563458350563,8.401169545601606e-06
429851.5625,5000.0,24.992172684975994,0.0011141372223607822,-6.573405868779965e-06,3.9646368782793805e-06,-0.0002261763852303955,8.59876739043491e-06
434851.5625,5000.0,24.992172685029804,0.0011417539674011465,-6.7357224855754275e-06,4.06224628382955e-06,-0.0002316555960737655,8.801741736809324e-06
439851.5625,5000.0,24.992172685086395,0.0011700561130532092,-6.9021534006234e-06,4.162307668603385e-06,-0.0002372764338439158,9.010204782001681e-06
444851.5625,5000.0,24.99217268514583,0.0011990606322608887,-7.072938293970528e-06,4.264959280389545e-06,-0.00024304215564031868,9.224272443615758e-06
449851.5625,5000.0,24.992172685208335,0.0012287849199219862,-7.247975212411564e-06,4.370729044594868e-06,-0.00024895611064733347,9.44406441013038e-06
454851.5625,5000.0,24.992172685273804,0.0012592468033052768,-7.427408350955092e-06,4.4791215384016215e-06,-0.0002550217419158122,9.669704194567728e-06
459851.5625,5000.0,24.992172685342805,0.0012904645527328643,-7.611469872283198e-06,4.59020181105768e-06,-0.00026124258821118014,9.90131919127341e-06
464851.5625,5000.0,24.992172685415255,0.0013224568925262992,-7.800101525565493e-06,4.704036524550983e-06,-0.00026762228592864206,1.0139040735804325e-05
469851.5625,5000.0,24.992172685491425,0.0013552430122243668,-7.993416392321095e-06,4.820693993616875e-06,-0.0002741645710762372,1.0383004167924619e-05
474851.5625,5000.0,24.992172685571283,0.0013888425780851752,-8.191530369481179e-06,4.9402442267385355e-06,-0.00028087328132651824,1.0633348897713768e-05
479851.5625,5000.0,24.992172685655287,0.0014232757448693185,-8.394562238712721e-06,5.0627589681626145e-06,-0.00028782022672693783,1.08902184747923e-05
484851.5625,5000.0,24.99217268574345,0.00145856316792044,-8.602633737482596e-06,5.188311740957459e-06,-0.00029494090783682513,1.1153760660677998e-05
489851.5625,5000.0,24.99217268583608,0.0014947260155455417,-8.815869631905156e-06,5.316977891138645e-06,-0.0003022389193770125,1.1429723921948119e-05
494851.5625,5000.0,24.992172685933355,0.001531785981703405,-9.03439779141675e-06,5.448834632888303e-06,-0.0003097186257335057,1.1714305973945094e-05
499851.5625,5000.0,24.992172686035627,0.0015697652990093404,-9.258349265321044e-06,5.583961094895474e-06,-0.00031738450099384806,1.2005894655352915e-05
504851.5625,5000.0,24.992172686142833,0.0016086867520633383,-9.487858361250856e-06,5.722438367845448e-06,-0.0003252411316022903,1.2304665964666911e-05
509851.5625,5000.0,24.99217268625562,0.0016485736911112457,-9.723062725593244e-06,5.864349553086311e-06,-0.0003332932190837047,1.2610800165452697e-05
514851.5625,5000.0,24.992172686373998,0.001689450046043169,-9.964103425926231e-06,6.009779812501808e-06,-0.0003415455828378225,1.292448189651116e-05
519851.5625,5000.0,24.99217268649842,0.001731340340743199,-1.0211125035515032e-05,6.1588164196206835e-06,-0.00035000316300541287,1.3245900284583227e-05
524851.5625,5000.0,24.992172686629058,0.0017742697077946607,-1.0464275719919674e-05,6.311548811993374e-06,-0.0003586710234080589,1.3575249059664072e-05
529851.5625,5000.0,24.99217268676633,0.0018182639035504795,-1.072370732576464e-05,6.468068644866544e-06,-0.0003675543545632663,1.3912726673000346e-05
534851.5625,5000.0,24.992172686910337,0.0018633493235800276,-1.0989575471723682e-05,6.628469846188978e-06,-0.00037665847677664126,1.425853641784463e-05
539851.5625,5000.0,24.99217268706166,0.001909553018498064,-1.1262039641774767e-05,6.792848672980582e-06,-0.00038598884331296284,1.461288655304202e-05
544851.5625,5000.0,24.992172687220634,0.001956902710188435,-1.1541263280779795e-05,6.961303769099255e-06,-0.0003955510436479919,1.4975990429527458e-05
549851.5625,5000.0,24.992172687387598,0.0020054268084309726,-1.1827413892446912e-05,7.133936224439718e-06,-0.0004053508068029495,1.5348066619811067e-05
554851.5625,5000.0,24.99217268756281,0.002055154427940327,-1.2120663139734301e-05,7.31084963560019e-06,-0.0004153940047635981,1.5729339050532927e-05
559851.5625,5000.0,24.992172687746923,0.0021061154058308767,-1.2421186947753714e-05,7.49215016805331e-06,-0.00042568665598595137,1.6120037138169962e-05
564851.5625,5000.0,24.992172687940233,0.00215834031951197,-1.2729165609237864e-05,7.677946619857908e-06,-0.0004362349289906867,1.6520395927978226e-05
569851.5625,5000.0,24.992172688143437,0.0022118605050300876,-1.3044783892632965e-05,7.868350486951048e-06,-0.0004470451460483692,1.6930656236256845e-05
574851.5625,5000.0,24.99217268835665,0.0022667080758660488,-1.3368231152880597e-05,8.063476030058529e-06,-0.00045812378695765914,1.735106479602184e-05
579851.5625,5000.0,24.992172688580723,0.0023229159421995324,-1.3699701444957459e-05,8.263440343264571e-06,-0.0004694774929187664,1.7781874406178314e-05
584851.5625,5000.0,24.992172688815906,0.002380517830650959,-1.4039393640238685e-05,8.468363424281731e-06,-0.0004811130705044111,1.822334408428491e-05
589851.5625,5000.0,24.99217268906301,0.0024395483045140335,-1.4387511545755785e-05,8.678368246462648e-06,-0.0004930374957306641,1.8675739223001716e-05
594851.5625,5000.0,24.992172689322484,0.0025000427844902294,-1.4744264026419857e-05,8.89358083259781e-06,-0.0005052579182300814,1.9139331750319738e-05
599851.5625,5000.0,24.992172689594916,0.0025620375699408446,-1.5109865130283042e-05,9.114130330543273e-06,-0.0005177816655295905,1.9614400293669243e-05
604851.5625,5000.0,24.992172689881127,0.002625569860661415,-1.548453421691476e-05,9.34014909072282e-06,-0.0005306162474357124,2.0101230348007066e-05
609851.5625,5000.0,24.992172690181764,0.002690677779201182,-1.5868496088967612e-05,9.571772745552665e-06,-0.0005437693605296622,2.060011444798557e-05
614851.5625,5000.0,24.992172690497277,0.002757400393735012,-1.6261981127012918e-05,9.809140290835208e-06,-0.0005572488927750729,2.111135234430947e-05
619851.5625,5000.0,24.99217269082887,0.0028257777415017817,-1.6665225427726918e-05,1.005239416917073e-05,-0.000571062928241028,2.1635251184386152e-05
624851.5625,5000.0,24.99217269117697,0.002895850852826801,-1.707847094550898e-05,1.0301680355438076e-05,-0.0005852197519432419,2.2172125697381093e-05
629851.5625,5000.0,24.992172691542645,0.002967661775739599,-1.750196563761856e-05,1.0557148444394507e-05,-0.0005997278548062841,2.2722298383789272e-05
634851.5625,5000.0,24.99217269192658,0.0030412536011996567,-1.7935963612916867e-05,1.0818951740447255e-05,-0.0006145959387497646,2.3286099709640582e-05
639851.5625,5000.0,24.99217269232992,0.0031166704889537115,-1.8380725284301703e-05,1.1087247349652217e-05,-0.0006298329219015707,2.3863868305453653e-05
644851.5625,5000.0,24.992172692753407,0.0031939576940304025,-1.8836517524928403e-05,1.1362196273993263e-05,-0.0006454479439411953,2.4455951170060577e-05
649851.5625,5000.0,24.992172693198178,0.0032731615938936913,-1.9303613828309343e-05,1.1643963507998953e-05,-0.0006614503715764324,2.506270387942769e-05
654851.5625,5000.0,24.992172693665264,0.003354329716269231,-1.978229447238905e-05,1.193271813775587e-05,-0.0006778498041566089,2.5684490800595366e-05
659851.5625,5000.0,24.992172694156015,0.0034375107676637836,-2.027284668769152e-05,1.222863344237711e-05,-0.0006946560794258209,2.6321685310869448e-05
664851.5625,5000.0,24.992172694671066,0.0035227546625863247,-2.0775564829642737e-05,1.2531886997985753e-05,-0.0007118822289522147,2.6974670022395587e-05
669851.5625,5000.0,24.99217269521225,0.0036101125535035264,-2.1290750555169588e-05,1.2842660784278848e-05,-0.0007295421714349906,2.7643837012251582e-05
674851.5625,5000.0,24.992172695780397,0.0036996368615279554,-2.1818713003683367e-05,1.3161141293732246e-05,-0.0007476397776719284,2.832958805819965e-05
679851.5625,5000.0,24.992172696377274,0.0037913813078748323,-2.235976898255396e-05,1.3487519643513694e-05,-0.0007661859134358826,2.9032334880237228e-05
684851.5625,5000.0,24.99217269700399,0.0038854009460976262,-2.2914243157187667e-05,1.3821991690172262e-05,-0.0007851917134088609,2.9752499388095867e-05
689851.5625,5000.0,24.992172697662273,0.003981752195119197,-2.3482468245822846e-05,1.4164758147169905e-05,-0.0008046685878748708,3.0490513934833524e-05
694851.5625,5000.0,24.992172698353496,0.004080492873088765,-2.4064785219157316e-05,1.4516024705329262e-05,-0.0008246282295776359,3.12468215766781e-05
699851.5625,5000.0,24.99217269907944,0.004181682232074893,-2.466154350493195e-05,1.4876002156267653e-05,-0.0008450826207473445,3.20218763392759e-05
704851.5625,5000.0,24.992172699842005,0.004285380993617814,-2.5273101197588958e-05,1.524490651889098e-05,-0.00086604404030069,3.281614349050419e-05
709851.5625,5000.0,24.992172700642723,0.004391651385167769,-2.5899825273132923e-05,1.562295916902666e-05,-0.0008875250712185183,3.363009982001706e-05
714851.5625,5000.0,24.99217270148356,0.0045005571774242165,-2.6542091809322532e-05,1.601038697226896e-05,-0.0009095386081055073,3.4464233925688045e-05
719851.5625,5000.0,24.99217270236665,0.004612163722602268,-2.7200286211325375e-05,1.640742242011997e-05,-0.0009320978649364994,3.5319046507125637e-05
724851.5625,5000.0,24.992172703294266,0.004726537993645484,-2.7874803442972354e-05,1.6814303769505943e-05,-0.0009552163829940914,3.619505066643714e-05
729851.5625,5000.0,24.99217270426838,0.004843748624416682,-2.8566048263746577e-05,1.7231275185753486e-05,-0.0009789080390022833,3.7092772216419454e-05
734851.5625,5000.0,24.992172705291296,0.0049638659508822675,-2.9274435471654184e-05,1.765858688911216e-05,-0.0010031870534610828,3.801274999637026e-05
739851.5625,5000.0,24.992172706365594,0.005086962053313639,-3.0000390152120024e-05,1.8096495304908332e-05,-0.0010280679991871067,3.8955536195697715e-05
744851.5625,5000.0,24.992172707493992,0.005213110799549214,-3.074434793305428e-05,1.8545263217426265e-05,-0.0010535658100652308,3.992169668553281e-05
749851.5625,5000.0,24.992172708679014,0.00534238788931056,-3.150675524625215e-05,1.9005159927600973e-05,-0.0010796957900167177,4.091181135854455e-05
754851.5625,5000.0,24.992172709923352,0.005474870899632111,-3.228806959527282e-05,1.947646141462442e-05,-0.001106473622189,4.1926474477151286e-05
759851.5625,5000.0,24.992172711230314,0.005610639331413724,-3.308875982996495e-05,1.995945050155882e-05,-0.0011339153783728776,4.296629503035225e-05
764851.5625,5000.0,24.992172712602876,0.005749774657123021,-3.390930642780336e-05,2.045441702505578e-05,-0.001162037528652575,4.403189709938239e-05
769851.5625,5000.0,24.99217271404435,0.005892360369689948,-3.475020178220129e-05,2.0961658009286183e-05,-0.0011908569512946547,4.512392023241686e-05
774851.5625,5000.0,24.9921727155583,0.006038482032600216,-3.5611950497977196e-05,2.1481477844179637e-05,-0.0012203909428815671,4.624301982854717e-05
779851.5625,5000.0,24.992172717148126,0.0061882273312505905,-3.649506969414629e-05,2.2014188468089943e-05,-0.0012506572286960739,4.7389867531262413e-05
784851.5625,5000.0,24.992172718817823,0.006341686125558132,-3.740008931422669e-05,2.2560109554983464e-05,-0.0012816739733626282,4.856515163166818e-05
789851.5625,5000.0,24.99217272057126,0.0064989505038840064,-3.8327552444239125e-05,2.3119568706274097e-05,-0.0013134597917522993,4.97695774816916e-05
794851.5625,5000.0,24.992172722413038,0.006660114838299042,-3.9278015638595486e-05,2.3692901647415787e-05,-0.0013460337601576098,5.100386791751326e-05
799851.5625,5000.0,24.992172724347146,0.006825275841205108,-4.0252049254069424e-05,2.4280452429365386e-05,-0.0013794154277440972,5.226876369348782e-05
804851.5625,5000.0,24.992172726378325,0.006994532623379507,-4.1250237792049845e-05,2.4882573635047794e-05,-0.0014136248282854912,5.356502392680816e-05
809851.5625,5000.0,24.992172728511385,0.0071679867534411535,-4.2273180249285475e-05,2.5499626590936337e-05,-0.0014486824921895252,5.489342655318313e-05
814851.5625,5000.0,24.99217273075169,0.007345742318803401,-4.332149047732541e-05,2.61319815838828e-05,-0.0014846094588215756,5.625476879380258e-05
819851.5625,5000.0,24.992172733104503,0.0075279059881372765,-4.439579755087583e-05,2.6780018083323878e-05,-0.0015214272891336319,5.764986763387051e-05
824851.5625,5000.0,24.992172735575405,0.007714587075370727,-4.5496746145294306e-05,2.7444124968995425e-05,-0.0015591580786060175,5.907956031299126e-05
829851.5625,5000.0,24.992172738170527,0.00790589760529972,-4.662499692344137e-05,2.8124700764299375e-05,-0.0015978244705098592,6.054470482770541e-05
834851.5625,5000.0,24.992172740895604,0.008101952380799223,-4.778122693213443e-05,2.882215387545236e-05,-0.001637449669498061,6.204618044647952e-05
839851.5625,5000.0,24.9921727437578,0.008302869051723907,-4.896613000842497e-05,2.9536902836568045e-05,-0.001678057455533072,6.358488823745022e-05
844851.5625,5000.0,24.99217274676371,0.00850876818549665,-5.018041719595966e-05,3.0269376560814778e-05,-0.0017196721981597115,6.516175160925301e-05
849851.5625,5000.0,24.99217274992044,0.008719773339472952,-5.142481717166234e-05,3.1020014597806055e-05,-0.0017623188711317947,6.677771686524825e-05
854851.5625,5000.0,24.992172753235764,0.008936011135065479,-5.270007668300288e-05,3.1789267397366615e-05,-0.0018060230674011282,6.843375377148279e-05
859851.5625,5000.0,24.992172756717476,0.00915761133374933,-5.400696099610295e-05,3.2577596579849096e-05,-0.0018508110144779876,7.013085613872954e-05
864851.5625,5000.0,24.992172760374054,0.009384706914913742,-5.534625435496417e-05,3.3385475213145405e-05,-0.0018967095901723805,7.187004241894976e-05
869851.5625,5000.0,24.992172764214157,0.009617434155658447,-5.67187604520808e-05,3.421338809657174e-05,-0.0019437463387253142,7.365235631654192e-05
874851.5625,5000.0,24.99217276824722,0.009855932712588,-5.812530291071984e-05,3.5061832051795846e-05,-0.0019919494873400336,7.547886741473765e-05
879851.5625,5000.0,24.992172772482768,0.010100345705595688,-5.956672577917091e-05,3.5931316220973254e-05,-0.0020413479631229093,7.735067181753011e-05
884851.5625,5000.0,24.992172776930868,0.01035081980376076,-6.104389403724624e-05,3.682236237228217e-05,-0.0020919714104443094,7.926889280750451e-05
889851.5625,5000.0,24.992172781602463,0.010607505313353988,-6.255769411534368e-05,3.7735505213031577e-05,-0.002143850208729824,8.123468151998785e-05
894851.5625,5000.0,24.992172786508515,0.010870556268042854,-6.410903442638422e-05,3.86712927105385e-05,-0.0021970154906924815,8.324921763390131e-05
899851.5625,5000.0,24.992172791661,0.011140130521308755,-6.569884591094236e-05,3.963028642095609e-05,-0.0022514991610169508,8.531371007974198e-05
904851.5625,5000.0,24.992172797072055,0.011416389841183249,-6.732808259589077e-05,4.0613061826263414e-05,-0.0023073339155070174,8.742939776511726e-05
909851.5625,5000.0,24.99217280275499,0.011699500007322767,-6.899772216690354e-05,4.162020867960847e-05,-0.002364553260707593,8.959755031826394e-05
914851.5625,5000.0,24.992172808723296,0.011989630910476636,-7.070876655515843e-05,4.2652331359214316e-05,-0.0024231915340133634,9.181946885000306e-05
919851.5625,5000.0,24.992172814990976,0.012286956654444283,-7.24622425385854e-05,4.371004923106455e-05,-0.002483283924275787,9.409648673458425e-05
924851.5625,5000.0,24.992172821573643,0.012591655660553723,-7.425920235802813e-05,4.4793997020583114e-05,-0.002544866492921229,9.642997040989186e-05
929851.5625,5000.0,24.99217282848688,0.012903910774717677,-7.610072434868716e-05,4.5904825193527814e-05,-0.0026079761955924248,9.882132019748606e-05
934851.5625,5000.0,24.99217283574706,0.013223909377162748,-7.798791358722167e-05,4.704320034633381e-05,-0.0026726509043267653,0.00010127197114297857
939851.5625,5000.0,24.992172843372042,0.01355184349486632,-7.992190255489903e-05,4.820980560613488e-05,-0.0027389294302842815,0.00010378339387725247
944851.5625,5000.0,24.992172851379653,0.01388790991679787,-8.190385181719124e-05,4.9405341040707656e-05,-0.002806851547039244,0.00010635709549901772
949851.5625,5000.0,24.992172859789378,0.01423231031198969,-8.393495072022439e-05,5.0630524078576436e-05,-0.0028764580144493047,0.0001089946204792729
954851.5625,5000.0,24.992172868621548,0.01458525135056666,-8.601641810450146e-05,5.1886089939543136e-05,-0.0029477906031163776,0.00011169755158817479
959851.5625,5000.0,24.992172877897016,0.014946944827760713,-8.814950303632433e-05,5.317279207589168e-05,-0.0030208921194541925,0.00011446751084489776
964851.5625,5000.0,24.992172887638244,0.015317607791000434,-9.033548555735459e-05,5.449140262453056e-05,-0.0030958064313772555,0.00011730616049105055
969851.5625,5000.0,24.992172897868652,0.0156974626701583,-9.25756774527645e-05,5.584271287035367e-05,-0.003172578494626937,0.00012021520398821869
974851.5625,5000.0,24.992172908612634,0.01608673741101442,-9.487142303843942e-05,5.722753372108721e-05,-0.0032512543797502285,0.00012319638704025632
979851.5625,5000.0,24.9921729198963,0.016485665612061943,-9.72240999676971e-05,5.864669619392011e-05,-0.0033318812997476482,0.00012625149864091658
984851.5625,5000.0,24.992172931746428,0.016894486664658422,-9.963512005802186e-05,6.010105191419106e-05,-0.0034145076384065457,0.00012938237214747624
989851.5625,5000.0,24.99217294419154,0.017313445896687117,-0.00010210593013829717,6.159147362645469e-05,-0.0034991829793371565,0.00013259088638095372
994851.5625,5000.0,24.99217295726155,0.017742794719773906,-0.00010463801291704837,6.311885571821447e-05,-0.0035859581357285827,0.00013587896675364687
999851.5625,5000.0,24.99217297098802,0.018182790780145536,-0.00010723288787222144,6.468411475664792e-05,-0.0036748851808426756,0.0001392485864246099
1004851.5625,5000.0,24.992172985403492,0.018633698113236456,-0.00010989211216302755,6.628819003863919e-05,-0.003766017479264175,0.00014270176748378382
1009851.5625,5000.0,24.99217300054296,0.019095787302125102,-0.00011261728156440212,6.793204415445704e-05,-0.003859409718925672,0.000146240582165502
1014851.5625,5000.0,24.99217301644238,0.019569335639905032,-0.00011541003142463382,6.961666356540681e-05,-0.003955117943926818,0.0001498671540920809
1019851.5625,5000.0,24.992173033140443,0.020054627296070913,-0.00011827203764675352,7.134305919581147e-05,-0.004053199588167439,0.00015358365954825276
1024851.5625,5000.0,24.992173050676776,0.020551953487041263,-0.00012120501769425131,7.311226703967336e-05,-0.004153713509814627,0.0001573923287872145
1029851.5625,5000.0,24.99217306909365,0.021061612650911193,-0.00012421073162174285,7.492534878238106e-05,-0.004256720026624594,0.00016129544736903813
1034851.5625,5000.0,24.99217308843543,0.021583910626519147,-0.0001272909831311968,7.678339243783528e-05,-0.004362280952140662,0.00016529535753230976
1039851.5625,5000.0,24.992173108748283,0.022119160836979738,-0.00013044762065435124,7.868751300137208e-05,-0.004470459632788591,0.00016939445959975795
1044851.5625,5000.0,24.99217313008116,0.02266768447775373,-0.00013368253846198226,8.063885311888926e-05,-0.004581320985892184,0.0001735952134187467
1049851.5625,5000.0,24.99217315248504,0.023229810709368783,-0.00013699767780068196,8.263858377254998e-05,-0.004694931538631565,0.00017790013983751292
1054851.5625,5000.0,24.992173176013925,0.023805876854959294,-0.00014039502805782456,8.468790498351382e-05,-0.004811359467967507,0.00018231182221797838
1059851.5625,5000.0,24.992173200724345,0.024396228602628012,-0.00014387662795543727,8.67880465320698e-05,-0.0049306746415561506,0.00018683290798612414
1064851.5625,5000.0,24.992173226675423,0.02500122021294627,-0.00014744456677365795,8.894026869566332e-05,-0.005052948659678038,0.00019146611022078438
1069851.5625,5000.0,24.992173253929618,0.025621214731463397,-0.0001511009856045675,9.114586300519314e-05,-0.005178254898207542,0.00019621420928185208
1074851.5625,5000.0,24.992173282552322,0.026256584206572526,-0.0001548480786370939,9.340615302008381e-05,-0.0053066685526474335,0.00020108005447887648
1079851.5625,5000.0,24.99217331261221,0.02690770991277432,-0.00015868809447379205,9.572249512258393e-05,-0.005438266683255916,0.0002060665657810366
1084851.5625,5000.0,24.99217334418154,0.027574982579420895,-0.0001626233374802878,9.80962793317469e-05,-0.005573128261292693,0.00021117673556952048
1089851.5625,5000.0,24.992173377335995,0.028258802625187818,-0.00016665616916818608,0.00010052893013761763,-0.005711334216412197,0.0002164136304333848
1094851.5625,5000.0,24.992173412155072,0.02895958039834333,-0.00017078900961227354,0.00010302190735609854,-0.005852967485231873,0.00022178039300993827
1099851.5625,5000.0,24.992173448722586,0.029677736422950504,-0.0001750243389028835,0.00010557670700502131,-0.00599811306110551,0.00022728024387078043
1104851.5625,5000.0,24.992173487126255,0.030413701651206534,-0.00017936469863427088,0.00010819486220194095,-0.006146858045130734,0.00023291648345462454
1109851.5625,5000.0,24.992173527458245,0.031167917722034685,-0.00018381269342990838,0.00011087794408421212,-0.006299291698421775,0.00023869249404805123
1114851.5625,5000.0,24.992173569815407,0.03194083722604401,-0.00018837099250562067,0.000113627562751865,-0.006455505495678642,0.0002446117418154009
1119851.5625,5000.0,24.992173614299517,0.03273292397713963,-0.00019304233127147175,0.00011644536823388609,-0.006615593180084975,0.0002506777788790019
1124851.5625,5000.0,24.992173661017038,0.03354465329077085,-0.0001978295129734067,0.00011933305147844946,-0.006779650819567621,0.0002568942454510285
1129851.5625,5000.0,24.992173710080568,0.03437651226914304,-0.0002027354103755999,0.00012229234536771807,-0.006947776864451644,0.0002632648720181955
1134851.5625,5000.0,24.992173761607503,0.03522900009350733,-0.00020776296748452395,0.00012532502575781875,-0.007120072206545174,0.00026979348158067854
1139851.5625,5000.0,24.992173815722044,0.03610262832362158,-0.0002129152013158056,0.0001284329125445958,-0.007296640239690163,0.00027648399194657176
1144851.5625,5000.0,24.992173872553508,0.03699792120473142,-0.00021819520370488545,0.00013161787075582137,-0.007477586921814642,0.00028334041808322346
1149851.5625,5000.0,24.99217393223862,0.03791541598208841,-0.00022360614316260124,0.00013488181167047714,-0.007663020838524671,0.0002903668745269516
1154851.5625,5000.0,24.992173994920673,0.038855663223296505,-0.0002291512667768016,0.00013822669396581035,-0.007853053268273125,0.0002975675778524993
1159851.5625,5000.0,24.99217406075026,0.039819227148637296,-0.00023483390216112268,0.00014165452489283594,-0.008047798249145463,0.0003049468492037703
1164851.5625,5000.0,24.992174129885253,0.040806685969618006,-0.0002406574594521031,0.00014516736148100786,-0.008247372647301979,0.0003125091168873258
1169851.5625,5000.0,24.992174202491565,0.04181863223585662,-0.00024662543335585396,0.00014876731177275427,-0.008451896227117804,0.0003202589190302473
1174851.5625,5000.0,24.992174278743704,0.04285567319058947,-0.00025274140524548887,0.000152456536088647,-0.008661491723062945,0.0003282009063039098
1179851.5625,5000.0,24.992174358824567,0.04391843113500028,-0.000259009045310585,0.0001562372483239567,-0.008876284913365383,0.0003363398447153583
1184851.5625,5000.0,24.992174442926565,0.04500754380158855,-0.0002654321147599637,0.00016011171727736527,-0.009096404695501579,0.0003446806184679101
1189851.5625,5000.0,24.99217453125151,0.04612366473676417,-0.0002720144680791239,0.0001640822680126393,-0.00932198316355974,0.000353228232892747
1194851.5625,5000.0,24.992174624011323,0.047267463692926434,-0.00027876005534368045,0.00016815128325408285,-0.00955315568752229,0.0003619878174532281
1199851.5625,5000.0,24.99217472142894,0.04843962703028747,-0.0002856729245901807,0.00017232120481660968,-0.009790060994515272,0.00037096462882376866
1204851.5625,5000.0,24.992174823738225,0.049640858128620034,-0.0002927572242457615,0.00017659453507128646,-0.010032841252073665,0.0003801640540450788
1209851.5625,5000.0,24.992174931184476,0.0508718778092716,-0.0003000172056180534,0.00018097383844724806,-0.010281642153472242,0.0003895916137577248
1214851.5625,5000.0,24.99217504402601,0.052133424767526554,-0.00030745722544690086,0.00018546174297084776,-0.01053661300517347,0.00039925296551589315
1219851.5625,5000.0,24.99217516253349,0.05342625596755908,-0.0003150817483475993,0.0001900609417661215,-0.01079790681675428,0.0004091539071948025
1224851.5625,5000.0,24.992175286991564,0.05475114722381807,-0.00032289535022191,0.00019477419498736682,-0.011065680391909702,0.00041930038047112124
1229851.5625,5000.0,24.992175417699002,0.05610889357385312,-0.0003309027198272459,0.0001996043309793409,-0.011340094422909343,0.0004296984743442838
1234851.5625,5000.0,24.99217555496958,0.05750030975757749,-0.000339108662437056,0.0002045542483285771,-0.011621313587680987,0.00044035442881446913
1239851.5625,5000.0,24.992175699132837,0.058926230711313594,-0.0003475181025025082,0.00020962691750755192,-0.011909506648261134,0.00045127463865027165
1244851.5625,5000.0,24.992175850534778,0.06038751207240615,-0.0003561360866027859,0.00021482538265578787,-0.012204846552046025,0.00046246565722459686
1249851.5625,5000.0,24.992176009539143,0.06188503069437385,-0.0003649677864739865,0.00022015276340757694,-0.01250751053560462,0.00047393420044397833
1254851.5625,5000.0,24.99217617652746,0.06341968517335464,-0.00037401850211361734,0.00022561225676478804,-0.012817680231074489,0.0004856871507784249
1259851.5625,5000.0,24.99217635190055,0.06499239638710927,-0.0003832936649622429,0.00023120713901602426,-0.013135541775198165,0.0004977315613926738
1264851.5625,5000.0,24.992176536079622,0.06660410804728688,-0.0003927988411640917,0.00023694076770334622,-0.013461285921064384,0.0005100746603803004
1269851.5625,5000.0,24.992176729506895,0.06825578726537435,-0.00040253973490855344,0.0002428165836377672,-0.013795108152621601,0.00052272385510301
1274851.5625,5000.0,24.992176932646647,0.06994842513267806,-0.00041252219185457505,0.0002488381129647453,-0.014137208802032963,0.0005356867366377164
1279851.5625,5000.0,24.992177145986428,0.07168303731468316,-0.00042275220264002486,0.0002550089692809259,-0.014487793169943797,0.0005489710843341188
1284851.5625,5000.0,24.992177370038593,0.07346066466014847,-0.00043323590647814425,0.00026133285580341167,-0.014847071648734065,0.000562584870485509
1289851.5625,5000.0,24.992177605341002,0.07528237382529332,-0.0004439795948432602,0.00026781356759286913,-0.015215259848830274,0.0005765362651156102
1294851.5625,5000.0,24.992177852458553,0.07714925791345018,-0.0004549897152479839,0.00027445499383181154,-0.015592578728152952,0.0005908336408842942
1299851.5625,5000.0,24.99217811198459,0.07906243713055612,-0.0004662728751141715,0.0002812611201594312,-0.015979254724777656,0.0006054855781151314
1304851.5625,5000.0,24.992178384542083,0.08102305945688415,-0.00047783584573998664,0.00028823603106438726,-0.016375519892889642,0.0006205008699477917
1309851.5625,5000.0,24.9921786707853,0.08303230133540263,-0.0004896855663654516,0.0002953839123369919,-0.01678161204211419,0.000635888527618405
1314851.5625,5000.0,24.992178971401863,0.08509136837717685,-0.0005018291483389434,0.00030270905358227183,-0.017197774880306348,0.0006516577858710618
1319851.5625,5000.0,24.992179287113018,0.08720149608423182,-0.0005142738793871475,0.0003102158507954199,-0.01762425815988668,0.0006678181085037384
1324851.5625,5000.0,24.992179618676914,0.08936395059031123,-0.0005270272279910438,0.00031790880900119117,-0.01806131782781099,0.000684379194051986
1329851.5625,5000.0,24.99217996688961,0.09158002941996202,-0.0005400968478705665,0.0003257925449588315,-0.018509216179264494,0.0007013509816138267
1334851.5625,5000.0,24.992180332587004,0.09385106226640719,-0.0005534905825806468,0.0003338717899341738,-0.018968222015173637,0.0007187436568193754
1339851.5625,5000.0,24.992180716647137,0.09617841178866875,-0.0005672164702214094,0.00034215139254057194,-0.019438610803630196,0.0007365676579488137
1344851.5625,5000.0,24.992181119992154,0.09856347442840044,-0.0005812827482653724,0.00035063632165038746,-0.019920664845325467,0.0007548336822023922
1349851.5625,5000.0,24.99218154359013,0.10100768124693847,-0.0005956978585045625,0.0003593316693787866,-0.020414673443094448,0.0007735526921262881
1354851.5625,5000.0,24.992181988458363,0.10351249878304832,-0.0006104704521205399,0.0003682426541416485,-0.020920933075672565,0.0007927359221981824
1359851.5625,5000.0,24.992182455664707,0.10607942993188338,-0.000625609394880393,0.00037737462378943166,-0.021439747575769816,0.0008123948855765674
1364851.5625,5000.0,24.992182946330995,0.10871001484568271,-0.00064112377246185,0.00038673305881889317,-0.021971428312570304,0.0008325413810178697
1369851.5625,5000.0,24.99218346163518,0.11140583185672932,-0.000657022895910726,0.0003963235756645995,-0.022516294378767513,0.0008531874999655705
1374851.5625,5000.0,24.99218400281439,0.11416849842313169,-0.0006733163072340124,0.00040615193007222106,-0.02307467278224845,0.0008743456338156559
1379851.5625,5000.0,24.992184571167908,0.11699967209797288,-0.0006900137851319899,0.0004162240205556484,-0.023646898642543126,0.0008960284813627702
1384851.5625,5000.0,24.99218516806041,0.11990105152241216,-0.0007071253508728427,0.0004265458919400243,-0.024233315392157753,0.000918249056431631
1389851.5625,5000.0,24.99218579492471,0.12287437744332314,-0.0007246612743133341,0.0004371237389928335,-0.02483427498291472,0.0009410206956983211
1394851.5625,5000.0,24.992186453266307,0.12592143375606848,-0.0007426320800691891,0.0004479639101452513,-0.025450138097423407,0.000964357066706226
1399851.5625,5000.0,24.992187144665284,0.12904404857302687,-0.0007610485538389361,0.0004590729113060036,-0.026081274365811147,0.0009882721760814913
1404851.5625,5000.0,24.992187870781855,0.13224409531850667,-0.0007799217488850377,0.0004704574097700511,-0.026728062587845276,0.0010127803779530096
1409851.5625,5000.0,24.99218863335933,0.13552349385068782,-0.0007992629926762546,0.00048212423822446685,-0.027390890960581657,0.0010378963825820606
1414851.5625,5000.0,24.99218943422881,0.13888421161125478,-0.0008190838936952755,0.0004940803988539393,-0.028070157311678032,0.001063635265206883
1419851.5625,5000.0,24.992190275312772,0.14232826480339592,-0.0008393963484157519,0.0005063330675483905,-0.028766269338513794,0.0010900124751075588
1424851.5625,5000.0,24.992191158630852,0.1458577195988644,-0.000860212548452989,0.0005188895982152671,-0.029479644853262474,0.001117043844896767
1429851.5625,5000.0,24.992192086303834,0.14947469337480573,-0.0008815449878926413,0.0005317575271991255,-0.030210712034065345,0.001144745600042079
1434851.5625,5000.0,24.992193060558915,0.1531813559810825,-0.0009034064708018824,0.0005449445778111965,-0.030959909682460488,0.0011731343686256336
1439851.5625,5000.0,24.99219408373543,0.15697993103883304,-0.0009258101189276299,0.0005584586649716868,-0.031727687487223,0.001202227191347154
1444851.5625,5000.0,24.992195158289856,0.1608726972710328,-0.0009487693795865224,0.0005723078999676473,-0.03251450629477873,0.00123204153177647
1449851.5625,5000.0,24.99219628680227,0.16486198986582304,-0.0009722980337514709,0.0005865005953293019,-0.03332083838635613,0.0012625952868618206
1454851.5625,5000.0,24.99219747198229,0.16895020187341872,-0.0009964102043397264,0.0006010452698278178,-0.03414716776204611,0.001293906797700404
1459851.5625,5000.0,24.99219871667563,0.17313978563739651,-0.0010211203647075382,0.0006159506535975603,-0.034993990431943546,0.001325994860577806
1464851.5625,5000.0,24.99220002387075,0.17743325426120493,-0.0010464433473566048,0.0006312256933859689,-0.03586181471454951,0.001358878738283112
1469851.5625,5000.0,24.992201396706214,0.18183318311074134,-0.001072394352857659,0.0006468795579342582,-0.03675116154261649,0.001392578171706675
1474851.5625,5000.0,24.99220283847853,0.18634221135387674,-0.001098988958996662,0.0006629216434922403,-0.03766256477662559,0.0014271133917277312
1479851.5625,5000.0,24.99220435264962,0.19096304353781315,-0.0011262431301492291,0.0006793615794706461,-0.03859657152608745,0.0014625051313991839
1484851.5625,5000.0,24.992205942855033,0.1956984512051857,-0.001154173226889057,0.0006962092342344122,-0.039553742478865415,0.0014987746384371426
1489851.5625,5000.0,24.992207612913155,0.20055127454984883,-0.0011827960158362677,0.0007134747210404869,-0.04053465223872414,0.0015359436880229547
1494851.5625,5000.0,24.992209366833954,0.20552442411329172,-0.0012121286797517473,0.0007311684041238108,-0.0415398896713113,0.0015740345959256816
1499851.5625,5000.0,24.992211208829104,0.21062088252266306,-0.0012421888278837158,0.0007493009049352086,-0.042570058258787284,0.0016130702319532206
1504851.5625,5000.0,24.99221314332162,0.21584370627140317,-0.001272994506572923,0.0007678831085350433,-0.04362577646332204,0.001653074033740444
1509851.5625,5000.0,24.99221517495666,0.22119602754349368,-0.0013045642101230477,0.0007869261701465684,-0.04470767809968384,0.0016940700208829744
1514851.5625,5000.0,24.99221730861264,0.22668105608237615,-0.001336916891943038,0.000806441521873035,-0.04581641271715331,0.00173608280942548
1519851.5625,5000.0,24.9922195494133,0.2323020811056024,-0.0013700719759683231,0.0008264408795827015,-0.046952645990997924,0.0017791376267135514
1524851.5625,5000.0,24.99222190273922,0.23806247326629043,-0.001404049368368006,0.0008469362499660145,-0.04811706012375334,0.0018232603266185254
1529851.5625,5000.0,24.992224374241943,0.24396568666251087,-0.0014388694695453323,0.0008679399377693415,-0.04931035425656029,0.0018684774051448657
1534851.5625,5000.0,24.992226969856187,0.25001526089573617,-0.0014745531864389482,0.0008894645532097462,-0.05053324489081599,0.0019148160164299398
1539851.5625,5000.0,24.992229695815226,0.2562148231795012,-0.001511121945132632,0.0009115230195754285,-0.05178646632040334,0.0019623039891463532
1544851.5625,5000.0,24.992232558665698,0.26256809049946345,-0.0015485977037814269,0.000934128581016565,-0.05307077107477005,0.002010969843317283
1549851.5625,5000.0,24.992235565282233,0.2690788718260655,-0.0015870029658622913,0.0009572948105314211,-0.0543869303731369,0.002060842807555472
1554851.5625,5000.0,24.99223872288553,0.2757510703810445,-0.0016263607937576242,0.0009810356181527338,-0.05573573459012145,0.0021119528367369573
1559851.5625,5000.0,24.99224203905892,0.28258868595901704,-0.0016666948226802428,0.0010053652593395024,-0.0571179937330723,0.0021643306301208456
1564851.5625,5000.0,24.992245521766407,0.28959581730545375,-0.0017080292749486338,0.0010302983435794633,-0.058534537931416435,0.002218007649926775
1569851.5625,5000.0,24.992249179372372,0.2967766645523247,-0.0017503889746215433,0.0010558498432076692,-0.05998621793833155,0.002273016140382062
1574851.5625,5000.0,24.992253020661295,0.30413553171274954,-0.0017937993625012165,0.0010820351024467478,-0.06147390564506243,0.002329389147250866
1579851.5625,5000.0,24.99225705485918,0.31167682923603807,-0.0018382865115148808,0.0011088698466745596,-0.06299849460821215,0.002387160537858087
1584851.5625,5000.0,24.99226129165542,0.31940507662445294,-0.0018838771424843047,0.0011363701919251444,-0.0645609005903444,0.002446365021621006
1589851.5625,5000.0,24.99226574122605,0.3273249051131568,-0.0019305986402935855,0.0011645526546290052,-0.06616206211424781,0.0025070381711021672
1594851.5625,5000.0,24.992270414258932,0.33544106041474087,-0.0019784790704655687,0.0011934341615989455,-0.06780294103121717,0.002569216443597313
1599851.5625,5000.0,24.99227532197836,0.3437584055298022,-0.0020275471961576333,0.00122303206026786,-0.069484523103724,0.0026329372032726887
1604851.5625,5000.0,24.992280476173274,0.3522819236250702,-0.0020778324955878663,0.0012533641291850538,-0.07120781860285169,0.0026982387438663105
1609851.5625,5000.0,24.99228588922431,0.36101672098056836,-0.002129365179902993,0.001284448588777861,-0.07297386292088869,0.002765160311968446
1614851.5625,5000.0,24.99229157413483,0.36996803000736495,-0.002182176211499733,0.0013163041123855118,-0.07478371719948046,0.0028337421308967992
1619851.5625,5000.0,24.992297544561715,0.37914121233745535,-0.002236297322811639,0.0013489498375724254,-0.07663846897375397,0.00290402542518259
1624851.5625,5000.0,24.992303814847986,0.3885417619873693,-0.0022917610355737907,0.0013824053777282915,-0.07853923283284119,0.002976052445683995
1629851.5625,5000.0,24.992310400057146,0.39817530859710865,-0.0023486006805781227,0.00141669083396253,-0.08048715109724144,0.0030498664953441555
1634851.5625,5000.0,24.992317316010446,0.40804762074604084,-0.00240685041793253,0.0014518268073009425,-0.08248339451347397,0.003125511955611326
1639851.5625,5000.0,24.99232457932455,0.4181646093473948,-0.002466545257837312,0.001487834411192604,-0.08452916296648831,0.0032030343135394067
1644851.5625,5000.0,24.992332207450552,0.4285323311230389,-0.002527721081892917,0.0015247352843352783,-0.08662568621031264,0.0032824801895876493
1649851.5625,5000.0,24.992340218717494,0.4391569921602393,-0.0025904146649533997,0.0015625516038278984,-0.08877422461743673,0.0033638973661389462
1654851.5625,5000.0,24.992348632375847,0.4500449515520792,-0.0026546636975404445,0.0016013060986589107,-0.09097606994744004,0.0034473348167567675
1659851.5625,5000.0,24.992357468643533,0.4612027251233218,-0.0027205068088332757,0.0016410220635395543,-0.09323254613539474,0.003532842736201423
1664851.5625,5000.0,24.992366748755252,0.4726369892433868,-0.0027879835902502757,0.0016817233730914228,-0.0955450101005859,0.003620472571227149
1669851.5625,5000.0,24.99237649501372,0.4843545847282944,-0.002857134619638634,0.0017234344963979636,-0.09791485257611385,0.0037102770521820587
1674851.5625,5000.0,24.992386730842515,0.49636252083324567,-0.0029280014860888757,0.0017661805119298499,-0.10034349895995824,0.00380231022543397
1679851.5625,5000.0,24.992397480843774,0.5086679793377213,-0.003000626815391694,0.001809987122854508,-0.10283241018810449,0.003896627486645744
1684851.5625,5000.0,24.992408770856866,0.5212783187248003,-0.00307505429615505,0.0018548806727403872,-0.10538308363035313,0.0039932856149247214
1689851.5625,5000.0,24.992420628020483,0.5342010784565782,-0.0031513287066001648,0.0019008881616669237,-0.10799705400945273,0.004092342807871634
1694851.5625,5000.0,24.992433080838914,0.547443983347413,-0.0032294959420555943,0.001948037262751493,-0.11067589434422034,0.004193858717555375
1699851.5625,5000.0,24.99244615925019,0.5610149480368465,-0.0033096030431692936,0.0019963563391050387,-0.1134212169173356,0.004297894487440903
1704851.5625,5000.0,24.99245989469858,0.5749220815639903,-0.0033916982248592296,0.002045874461228442,-0.11623467426851854,0.004404512790298555
1709851.5625,5000.0,24.992474320210622,0.5891736920451117,-0.003475830906023846,0.002096621424862117,-0.11911796021382617,0.004513777867124203
1714851.5625,5000.0,24.992489470474656,0.6037782914563107,-0.0035620517400344336,0.0021486277693017353,-0.12207281089183074,0.004625755567100698
1719851.5625,5000.0,24.99250538192483,0.618744600522901,-0.003650412646032247,0.0022019247961934463,-0.1251010058374682,0.004740513388632221
1724851.5625,5000.0,24.992522092829397,0.6340815537173636,-0.0037409668410540438,0.0022565445888224106,-0.128204369084375,0.004858120521484533
1729851.5625,5000.0,24.992539643382734,0.649798304367498,-0.003833768873010621,0.0023125200319089713,-0.13138477029656398,0.004978647890065217
1734851.5625,5000.0,24.99255807580284,0.6659042298764921,-0.003928874654543776,0.002369884831927293,-0.13464412593031744,0.005102168197879478
1739851.5625,5000.0,24.992577434433596,0.6824089370565162,-0.004026341497788173,0.002428673537961846,-0.13798440042721508,0.0052287559731985815
1744851.5625,5000.0,24.99259776585225,0.6993222675774716,-0.004126228150065515,0.002488921563117673,-0.14140760743924444,0.005358487615979315
1749851.5625,5000.0,24.992619118981313,0.7166543035323825,-0.00422859483053957,0.0025506652065009753,-0.14491581108698168,0.005491441446074753
1754851.5625,5000.0,24.99264154520854,0.7344153731209203,-0.004333503267861668,0.0026139416757871843,-0.14851112725186966,0.005627697752778013
1759851.5625,5000.0,24.99266509851028,0.7526160564524541,-0.004441016738837474,0.0026787891103943343,-0.15219572490366176,0.005767338845742704
1764851.5625,5000.0,24.992689835583214,0.771267191469933,-0.004551200108147129,0.0027452466052802506,-0.15597182746413932,0.005910449107325517
1769851.5625,5000.0,24.992715815981043,0.790379879995806,-0.00466411986915212,0.0028133542353827954,-0.15984171420826562,0.006057115046398606
1774851.5625,5000.0,24.992743102259787,0.8099654939010826,-0.0047798441858236266,0.0028831530807231763,-0.16380772170397825,0.006207425353681164
1779851.5625,5000.0,24.992771760129866,0.8300356813985307,-0.004898442935828625,0.002954685252193144,-0.16787224529187825,0.006361470958642387
1784851.5625,5000.0,24.992801858614886,0.8506023734608207,-0.00501998775481148,0.003027993918047742,-0.1720377406061288,0.006519345088029859
1789851.5625,5000.0,24.992833470220866,0.8716777903643064,-0.005144552081910462,0.003103123331126194,-0.17630672513793194,0.006681143326080322
1794851.5625,5000.0,24.99286667111115,0.8932744483589996,-0.00527221120655036,0.0031801188568244374,-0.18068177984301256,0.00684696367647225
1799851.5625,5000.0,24.992901541293115,0.915405166465003,-0.0054030423165541555,0.003259027001843855,-0.18516555079460612,0.007016906626082707
1804851.5625,5000.0,24.992938164812667,0.9380830733955129,-0.005537124547618709,0.0033398954437417923,-0.1897607508835103,0.0071910752106136636
1809851.5625,5000.0,24.99297662995929,0.9613216146063361,-0.005674539034201434,0.0034227730613105717,-0.1944701615668373,0.007369575082156649
1814851.5625,5000.0,24.993017029481486,0.9851345594714064,-0.0058153689618671706,0.0035077099658129387,-0.1992966346671792,0.007552514578767605
1819851.5625,5000.0,24.99305946081325,1.0095360085837501,-0.005959699621146769,0.0035947575331031103,-0.20424309422397866,0.00774000479612769
1824851.5625,5000.0,24.99310402631247,1.0345404011808061,-0.006107618462961314,0.003683968436663932,-0.20931253839898634,0.007932159661369688
1829851.5625,5000.0,24.993150833511486,1.060162522692814,-0.006259215155668648,0.003775396681592105,-0.21450804143777713,0.00812909600915364
1834851.5625,5000.0,24.993199995380408,1.0864175124125084,-0.006414581643791541,0.0038690976395649116,-0.21983275568939667,0.008330933660080038
1839851.5625,5000.0,24.99325163060369,1.1133208712839282,-0.006573812208489867,0.003965128084823505,-0.22528991368631301,0.008537795501533274
1844851.5625,5000.0,24.993305863872312,1.1408884698078252,-0.0067370035298423255,0.004063546231209504,-0.2308828302869586,0.008749807571053368
1849851.5625,5000.0,24.993362826189454,1.1691365560603804,-0.006904254751006545,0.004164411770293476,-0.23661490488327075,0.008967099142339233
1854851.5625,5000.0,24.99342265519312,1.198081763821638,-0.007075667544330078,0.00426778591063578,-0.24248962367575774,0.0091898028139926
1859851.5625,5000.0,24.9934854954947,1.2277411208093458,-0.007251346179488547,0.004373731418222333,-0.2485105620187602,0.009418054601117616
1864851.5625,5000.0,24.993551499036528,1.258132057013131,-0.007431397593731349,0.004482312658120028,-0.2546813868387156,0.009651994029898001
1869851.5625,5000.0,24.993620825466245,1.2892724131233089,-0.00761593146431965,0.004593595637398857,-0.26100585912839136,0.00989176423528054
1874851.5625,5000.0,24.993693642532012,1.3211804490478973,-0.007805060283246017,0.00470764804937031,-0.26748783652021235,0.010137512061901216
1879851.5625,5000.0,24.99377012649752,1.3538748525102342,-0.007998899434330157,0.00482453931919423,-0.2741312759419906,0.010389388168398272
1884851.5625,5000.0,24.99385046257994,1.3873747477189367,-0.00819756727279039,0.004944340650909165,-0.28094023635854326,0.010647547135265448
1889851.5625,5000.0,24.993934845409918,1.4216997041006934,-0.008401185207396258,0.005067125075944298,-0.28791888160289464,0.010912147576407476
1894851.5625,5000.0,24.99402347951517,1.45686974508539,-0.008609877785313838,0.00519296750317422,-0.29507148330097344,0.011183352254570155
1899851.5625,5000.0,24.994116579831502,1.4929053569314505,-0.008823772779761702,0.005321944770581339,-0.3024024238939355,0.01146132820082812
1904851.5625,5000.0,24.994214372238957,1.5298274975784842,-0.00904300128060266,0.005454135698594351,-0.3099161997625087,0.0117462468383243
1909851.5625,5000.0,24.99431709412748,1.567657605512161,-0.0092676977880038,0.005589621145175249,-0.3176174244580008,0.012038284110468247
1914851.5625,5000.0,24.99442499499188,1.6064176086251343,-0.00949800030930542,0.005728484062731475,-0.32551083204491654,0.012337620613812928
1919851.5625,5000.0,24.994538337059634,1.646129933055597,-0.009734050459248193,0.0058708095569345205,-0.33360128056041777,0.012644441735844409
1924851.5625,5000.0,24.99465739595036,1.6868175119834354,-0.009975993563717095,0.00601668494753102,-0.3418937555962039,0.012958937797933893
1929851.5625,5000.0,24.99478246137314,1.7285037943615922,-0.010223978767170657,0.006166199831237746,-0.35039337400872916,0.013281304203718085
1934851.5625,5000.0,24.99491383785846,1.7712127535577868,-0.010478159143934867,0.006319446146817434,-0.35910538776406475,0.013611741593191902
1939851.5625,5000.0,24.9950518455321,1.814968895879592,-0.010738691813552572,0.006476518242438499,-0.3680351879241178,0.01395045600281628
1944851.5625,5000.0,24.99519682092935,1.859797268952477,-0.01100573806039171,0.006637512945428123,-0.3771883087813528,0.014297659031964768
1949851.5625,5000.0,24.995349117853582,1.9057234699178403,-0.01127946345772899,0.006802529634535255,-0.38657043214964654,0.01465356801605497
1954851.5625,5000.0,24.995509108283002,1.9527736534143945,-0.011560037996540326,0.006971670314827483,-0.3961873918194083,0.015018406206734516
1959851.5625,5000.0,24.995677183324354,2.000974539302609,-0.011847636219244536,0.007145039695353939,-0.40604517818565095,0.015392402959517708
1964851.5625,5000.0,24.995853754221915,2.0503534200880837,-0.012142437358663973,0.007322745269715017,-0.41614994305829334,0.015775793929296747
1969851.5625,5000.0,24.99603925341994,2.1009381679949284,-0.012444625482483613,0.007504897399689104,-0.42650800466461375,0.016168821274181733
1974851.5625,5000.0,24.996234135684407,2.152757241635853,-0.012754389643509868,0.007691609402076693,-0.4371258528544648,0.016571733868156774
1979851.5625,5000.0,24.996438879288572,2.205839692219868,-0.013071924036051443,0.007882997638933084,-0.44801015451961257,0.016984787523074637
1984851.5625,5000.0,24.996653987262132,2.260215169233074,-0.01339742815876749,0.008079181611372742,-0.45916775923936415,0.017408245220551108
1989851.5625,5000.0,24.996879988713225,2.3159139255214267,-0.01373110698435304,0.008280284057141079,-0.47060570516553374,0.01784237735436153
1994851.5625,5000.0,24.9971174402231,2.3729668216973607,-0.01407317113645848,0.008486431052163217,-0.48233122516073085,0.018287461983987903
1999851.5625,5000.0,24.997366927320535,2.431405329784607,-0.01442383707426887,0.008697752116294139,-0.4943517532049916,0.01874378510001271
2004851.5625,5000.0,24.997629066041124,2.491261536006879,-0.014783327285200338,0.008914380323510742,-0.5066749310868781,0.01921164090211006
2009851.5625,5000.0,24.99790450457448,2.5525681426169737,-0.015151870486204888,0.009136452416803801,-0.519308615396382,0.01969133209044154
2014851.5625,5000.0,24.998193925007577,2.6153584686525826,-0.015529701834212026,0.009364108928046634,-0.5322608848382745,0.02018317017132745
2019851.5625,5000.0,24.998498045169395,2.679666449493787,-0.01591706314627579,0.009597494303137824,-0.5455400478859603,0.020687475778132045
2024851.5625,5000.0,24.998817620581914,2.7455266350849405,-0.016314203130039447,0.009836757032737538,-0.5591546507974534,0.02120457900837609
2029851.5625,5000.0,24.999153446528435,2.8129741866698375,-0.016721377625177673,0.010082049788941049,-0.573113486016748,0.021734819778170156
2034851.5625,5000.0,24.999506360241146,2.8820448718741343,-0.01713884985652773,0.01033352956825928,-0.5874256009857076,0.022278548195151314
2039851.5625,5000.0,24.999877243222823,2.9527750579525023,-0.01756689069967747,0.010591357841304709,-0.6021003073935688,0.02283612495120096
2044851.5625,5000.0,25.000267023704364,3.0252017029990075,-0.018005778959839496,0.010855700709611796,-0.6171471908933333,0.02340792173632711
2049851.5625,5000.0,25.000676679253644,3.099362344900136,-0.018455801664907533,0.01112672907005489,-0.6325761213166772,0.023994321675209148
2054851.5625,5000.0,25.001107239543185,3.175295087785632,-0.018917254373664497,0.011404618787363296,-0.6483972634216048,0.024595719788027496
2059851.5625,5000.0,25.001559789286937,3.253038585709525,-0.01939044150019131,0.011689550875273045,-0.6646210882098673,0.025212523477339304
2064851.5625,5000.0,25.002035471360767,3.3326320232643427,-0.019875676655613135,0.011981711686898799,-0.6812583848542728,0.02584515304290948
2069851.5625,5000.0,25.002535490117754,3.4141150928020183,-0.02037328300841503,0.012281293114956736,-0.6983202732793755,0.026494042226572784
2074851.5625,5000.0,25.003061114912295,3.49752796790052,-0.020883593664663972,0.012588492802521572,-0.7158182174427209,0.0271596387893818
2079851.5625,5000.0,25.003613683850183,3.582911272677802,-0.02140695206958889,0.012903514365057666,-0.733764039367884,0.027842405123494614
2084851.5625,5000.0,25.004194607779127,3.670306046512266,-0.0219437124320964,0.013226567624526665,-0.7521699339849708,0.028542818901473595
2089851.5625,5000.0,25.004805374539604,3.7597537036823763,-0.02249424017393837,0.013557868856442388,-0.7710484848391338,0.029261373765906398
2094851.5625,5000.0,25.00544755349352,3.851295987385731,-0.023058912405399683,0.01389764105081866,-0.79041268073302,0.02999858006252426
2099851.5625,5000.0,25.00612280035642,3.9449749175396764,-0.023638118429542235,0.014246114188038013,-0.8102759333749613,0.03075496562028364
2104851.5625,5000.0,25.006832862351132,4.0408327317002435,-0.02423226027722583,0.014603525530759713,-0.8306520961112377,0.031531076582198656
2109851.5625,5000.0,25.007579583712698,4.138911818363225,-0.024841753275330333,0.014970119933084846,-0.851555483827889,0.0323274782910663
2114851.5625,5000.0,25.008364911572254,4.239254641829859,-0.025467026650828836,0.01534615016830594,-0.873000894115508,0.033144756234619266
2119851.5625,5000.0,25.009190902247507,4.341903657727059,-0.026108524173610183,0.015731877276689156,-0.8950036297991502,0.033983517055076254
2124851.5625,5000.0,25.01005972797898,4.446901218170345,-0.02676670484122482,0.01612757093487045,-0.9175795229452273,0.034844389628540945
2129851.5625,5000.0,25.01097368414237,4.554289465440326,-0.027442043609033805,0.01653350984859431,-0.940744960467972,0.035728026220237415
2134851.5625,5000.0,25.01193519698625,4.6641102129144985,-0.028135032169579445,0.016949982170686613,-0.9645169114699511,0.03663510372216378
2139851.5625,5000.0,25.012946831929998,4.776404811847498,-0.028846179785373346,0.01737728594633343,-0.9889129564643754,0.03756632498040889
2144851.5625,5000.0,25.014011302482498,4.891214002428343,-0.029576014179717225,0.01781572958793794,-1.013951318641646,0.038522420220116295
2149851.5625,5000.0,25.01513147982703,5.008577747352979,-0.030325082490639293,0.01826563238204958,-1.0396508973589893,0.03950414857690297
2154851.5625,5000.0,25.016310403138768,5.128535045939759,-0.03109395229355134,0.01872732503110688,-1.0660313040503389,0.040512299744463236
2159851.5625,5000.0,25.01755129070035,5.251123726571403,-0.03188321269881523,0.019201150233010496,-1.093112900774066,0.04154769574912079
2164851.5625,5000.0,25.0188575518906,5.376380214973711,-0.03269347553106106,0.01968746330184985,-1.1209168416390283,0.042611192863249256
2169851.5625,5000.0,25.02023280012782,5.504339275528193,-0.033525376597832265,0.020186632833449663,-1.1494651173750967,0.04370368367078304
2174851.5625,5000.0,25.021680866862567,5.635033722458255,-0.03437957705595648,0.020699041419786002,-1.178780603343077,0.04482609929950292
2179851.5625,5000.0,25.023205816721813,5.768494097322354,-0.03525676488496759,0.02122508641675098,-1.2088871113113575,0.0459794118364321
2184851.5625,5000.0,25.02481196391918,5.904748308780227,-0.036157656477949225,0.02176518077022769,-1.2398094453631123,0.04716463694454031
2189851.5625,5000.0,25.02650389005997,6.043821230064737,-0.03708299836134988,0.02231975390597843,-1.2715734623390533,0.04838283670106123
2194851.5625,5000.0,25.028286463488975,6.185734248977348,-0.03803356905665487,0.02288925268946013,-1.3042061372673315,0.04963512268011751
2199851.5625,5000.0,25.03016486033734,6.330504764519,-0.0390101810983149,0.023474142462369195,-1.337735634284948,0.050922659305060146
2204851.5625,5000.0,25.032144587458227,6.478145623454389,-0.040013683224049766,0.024074908163496264,-1.3721913836149418,0.05224666749901554
2209851.5625,5000.0,25.0342315074526,6.628664489164698,-0.04104496275560485,0.024692055542353118,-1.4076041652318043,0.05360842866565369
2214851.5625,5000.0,25.036431866020017,6.782063134056498,-0.0421049481902716,0.02532611247503386,-1.4440061999252631,0.055009289036212224
2219851.5625,5000.0,25.038752321900212,6.938336645527991,-0.043194612026037714,0.025977630392910147,-1.4814312485613628,0.05645066442342015
2224851.5625,5000.0,25.04119997970276,7.097472534023357,-0.04431497384616077,0.026647185836056287,-1.5199147204414967,0.05793404542825029
2229851.5625,5000.0,25.043782425967628,7.25944972999188,-0.045467103692323124,0.027335382144780315,-1.5594937917767095,0.059461003151517394
2234851.5625,5000.0,25.046507768846872,7.424237454563956,-0.04665212575939987,0.028042851304331696,-1.6002075354290142,0.06103319546935691
2239851.5625,5000.0,25.04938468184992,7.591793946407871,-0.04787122244934537,0.028770255959800664,-1.642097063226382,0.0626523739397375
2244851.5625,5000.0,25.052422452166457,7.762065024473818,-0.04912563882688406,0.029518291620460522,-1.6852056823374013,0.06432039141657513
2249851.5625,5000.0,25.055631034150665,7.934982463083334,-0.050416687525704065,0.03028768907538357,-1.7295790673995515,0.06603921045895933
2254851.5625,5000.0,25.05902110864453,8.110462151984608,-0.05174575416085429,0.0310792170451431,-1.775265450336995,0.06781091263576831
2259851.5625,5000.0,25.062604148921647,8.288402009450282,-0.05311430331122259,0.03189368509787127,-1.8223158300860356,0.06963770884087239
2264851.5625,5000.0,25.06639249415821,8.46867961109334,-0.054523885145550545,0.032731946861962666,-1.8707842047767715,0.07152195075164008
2269851.5625,5000.0,25.070399431484567,8.651149490641034,-0.055976142776697733,0.03359490357240086,-1.920727829307327,0.07346614358406504
2274851.5625,5000.0,25.07463928784738,8.83564006121016,-0.05747282044214117,0.03448350799316897,-1.9722075017039928,0.07547296032216991
2279851.5625,5000.0,25.079127533122794,9.021950096391768,-0.059015772624402114,0.035398768764639085,-2.025287882200691,0.0775452576281721
2284851.5625,5000.0,25.083880896171497,9.209844699335587,-0.0606069742437447,0.036341755232411684,-2.080037849612107,0.0796860936741905
2289851.5625,5000.0,25.088917495830707,9.399050674582767,-0.06224853207772673,0.03731360282302565,-2.1365309003379287,0.08189874817719556
2294851.5625,5000.0,25.094256989205373,9.58925120109206,-0.0639426975887957,0.03831551904257169,-2.194845596248253,0.08418674496795964
2299851.5625,5000.0,25.0999207400632,9.780079685040903,-0.06569188137310703,0.03934879018687157,-2.2550660687957413,0.08655387748378496
2304851.5625,5000.0,25.105932010687038,9.971112646683242,-0.06749866948234745,0.04041478886697539,-2.3172825880213073,0.08900423764611701
2309851.5625,5000.0,25.112316181198466,10.161861465686043,-0.06936584191715767,0.04151498247183308,-2.3815922067203754,0.09154224867074852
2314851.5625,5000.0,25.11910100119449,10.35176277250565,-0.07129639364778052,0.042650942711807874,-2.448099491984721,0.09417270246394144
2319851.5625,5000.0,25.12631687955251,10.540167227633237,-0.07329355858739366,0.04382435641309762,-2.516917358717485,0.09690080238727374
2324851.5625,5000.0,25.133997219536443,10.726326373516029,-0.07536083702954262,0.04503703776522691,-2.58816802264927,0.09973221233356794
2329851.5625,5000.0,25.14217880792225,10.909377172468862,-0.07750202716748418,0.04629094226299379,-2.6619840940065327,0.10267311325394934
2334851.5625,5000.0,25.150902268881428,11.08832375374524,-0.0797212614457079,0.04759316370652113,-2.73850983749077,0.10573026852245856
2339851.5625,5000.0,25.160212595915148,11.262015778590374,-0.08202304865983218,0.04894537107383953,-2.8179026298682217,0.10891109983358196
2344851.5625,5000.0,25.17015977840521,11.429122686116962,-0.08441232293028657,0.050346857783877666,-2.900334653577081,0.1122237757179718
2349851.5625,5000.0,25.180799543577752,11.588102895227122,-0.08689450094081269,0.0518004701822678,-2.985994873776212,0.11567731525711018
2354851.5625,5000.0,25.192194240162358,11.73716679493159,-0.08947554917252419,0.053309323190175444,-3.0750913577835934,0.11928171021193382
2359851.5625,5000.0,25.20441389756705,11.874232014509298,-0.09216206345223993,0.05487683654955915,-3.1678540128057597,0.12304806964867783
2364851.5625,5000.0,25.217537502124042,11.996869168252672,-0.0949613628198204,0.05650677721408921,-3.264537825288105,0.12698879196792617
2369851.5625,5000.0,25.23165454878946,12.102235483759364,-0.09788160262038119,0.05820330969459049,-3.3654267378406315,0.1311177710861401
2374851.5625,5000.0,25.246866939164697,12.186993202197664,-0.10093190994578183,0.05997105576406525,-3.470838300596352,0.1354506450041591
2379851.5625,5000.0,25.2632913230435,12.24720853504867,-0.10412254780336903,0.06181516580938019,-3.581129298800219,0.14000509755426072
2384851.5625,5000.0,25.281062012579827,12.278225633227411,-0.10746511553593002,0.06374140472059396,-3.6967026135889065,0.14480122751554747
2389851.5625,5000.0,25.300334643632237,12.274508110988345,-0.1109727954866465,0.06575625598787387,-3.818015655536231,0.14986200385725862
2394851.5625,5000.0,25.321290823576355,12.229438028538546,-0.11466065930992235,0.06786704882479377,-3.9455908253276215,0.15521383221925683
2399851.5625,5000.0,25.34414409819581,12.135058489203699,-0.11854605207998095,0.07008211468844348,-4.080028617173093,0.16088726667253295
2404851.5625,5000.0,25.36914770711537,11.981740607292704,-0.12264907912170431,0.07243528586745629,-4.222024210690355,0.16691791355175806
2409851.5625,5000.0,25.396604801604482,11.757747703091606,-0.12699323030417578,0.07492015435023933,-4.372388731025722,0.1733475926466426
2414851.5625,5000.0,25.42688210994289,11.448657820024627,-0.13160619102336937,0.07754771095478513,-4.532076850899263,0.1802258483597294
2419851.5625,5000.0,25.460428520471336,11.036587804240758,-0.1365209109083892,0.08033378899009358,-4.702223153631606,0.18761194461518257
2424851.5625,5000.0,25.49780082643243,10.499134490492704,-0.14177703485150547,0.083297116515739,-4.884190826803213,0.19557754076280154
2429851.5625,5000.0,25.539700146234225,9.807904527923846,-0.14742285392051832,0.08646006680034989,-5.07963807781955,0.20421034599324342
2434851.5625,5000.0,25.587024680138445,8.926432526092087,-0.15351801963110598,0.08984966475835122,-5.290610629928677,0.2136192127401639
2439851.5625,5000.0,25.640948225365065,7.807166232840616,-0.16013740894592407,0.09349895876993551,-5.52081414643965,0.2239414029982258
2444851.5625,5000.0,25.703040727073578,6.386986515696891,-0.16737677729151312,0.09744892328561179,-5.775669987818876,0.23535323754413032
2449851.5625,5000.0,25.775460229781967,4.580346824784851,-0.17536128982292484,0.1017511457685409,-6.057313626434777,0.24808620304826426
2454564.261826673,4712.6993266730005,25.855866305477736,2.4203281745724214,-0.18371405854574924,0.10633060782153045,-6.3526457832244585,0.261568354999978
2458772.9605105757,4208.698683902419,25.940591076287973,0.007421015376893728,-0.1919987384568301,0.11082601247096412,-6.646410566905982,0.27510129664480504
2462512.448014676,3739.487504100228,26.029163538785767,-2.628510613467907,-0.20015638845920494,0.11528704059209945,-6.936611466138424,0.28857889612939425
2465839.4377310583,3326.989716382382,26.121602333229017,-5.469308999405407,-0.20818123280530276,0.11967349406778965,-7.223117088411124,0.3019799665594197
2468804.892489487,2965.4547584283105,26.21797485782895,-8.497396259730282,-0.2160719829212935,0.12392991832815412,-7.505963923113583,0.31529153469004645
2471450.2555233575,2645.3630338706644,26.318234246153647,-11.690980469136194,-0.22381863952854664,0.1280457302533333,-7.784886460802792,0.3286915908469962
2473809.389108274,2359.1335849167135,26.42216861851237,-15.022752172062441,-0.23140156942121579,0.13206867848703133,-8.063652050202439,0.34199823288058906
2475910.0607996704,2100.6716913962305,26.529343417647734,-18.45873228238018,-0.23879075887572113,0.13609112570748788,-8.345791084256268,0.35511490986276983
2477784.787400147,1874.7266004763692,26.63965452743535,-21.97691362624125,-0.24598445303207764,0.13994201198549613,-8.623240608574829,0.3680285987501574
2479461.392596964,1676.6051968168772,26.75295933757001,-25.555873151143615,-0.2529803318356107,0.14379126264703626,-8.895896826833862,0.38072552706474866
2480961.867827028,1500.4752300642272,26.868914841399434,-29.170001546476364,-0.25976664257065907,0.14747961500403706,-9.163258074348207,0.3931746443815634
2482303.3935494055,1341.5257223776748,26.986905708699155,-32.78794058883966,-0.26632091030664246,0.1509669033655338,-9.424348224926854,0.40532407649222113
2483507.280196977,1203.8866475711775,27.10683060966031,-36.39690953766682,-0.2726534824655236,0.15434211164614212,-9.679444542356759,0.4171815179056941
2484592.1594930454,1084.879296068742,27.228664147305984,-39.98834752729573,-0.27877862295739203,0.15768308578765086,-9.928965111693845,0.42876220788057323
2485570.451542231,978.2920491855714,27.351951856978886,-43.54303936500888,-0.2846899436606853,0.16085876822772285,-10.172463040146743,0.440042132216872
2486450.654211075,880.2026688441827,27.47582246804459,-47.032659891528276,-0.29036552330527216,0.16400203806565417,-10.41609769854993,0.45096592907076
2487246.2424648595,795.5882537846427,27.600236875714575,-50.454868891892886,-0.2958250512927529,0.16693443999588822,-10.656443054431604,0.46155642058861923
2487968.7335248915,722.4910600320038,27.725217037422354,-53.80985527005212,-0.30108978832926364,0.16966508398902597,-10.890938092782163,0.4718391470819451
2488624.72387316,655.9903482682979,27.850190257597273,-57.08297564355008,-0.3061562287789786,0.17242729019686517,-11.119026026766536,0.4817904894017411
2489220.003211873,595.2793387133898,27.974524922678466,-60.25997925831596,-0.31102113495291783,0.17499988854836832,-11.350437276711602,0.49138565755357966
2489762.97479575,542.9715838768932,28.098327582019117,-63.34654891186612,-0.3157111204349477,0.17744659909533655,-11.578871260623671,0.50065729965561
2490256.72943639,493.75464064016927,28.220709693897216,-66.32424169706425,-0.3202150079433757,0.1798153948357731,-11.799769959497905,0.5095629830258169
2490707.578880085,450.8494436952412,28.34168705515466,-69.19781191989209,-0.3245556736003248,0.1819842270125065,-12.013642538478958,0.5181277382494511
2491121.0870215995,413.5081415143218,28.46136493813931,-71.97381440623363,-0.32875683920167537,0.18404250302607345,-12.221080677648182,0.5263797411398664
2491499.141127852,378.0541062523702,28.578958001352085,-74.63841803987305,-0.33280851427287894,0.18605440794741573,-12.421099965995637,0.5342850581124658
2491843.454962407,344.3138345550984,28.693627117849577,-77.17799277692737,-0.336696739875082,0.1878706966514658,-12.612676183359149,0.5418094452179597
2492158.6375960656,315.18263365870706,28.805609424720004,-79.60327104152726,-0.34044041336415687,0.1896317680896668,-12.79661096438016,0.5489899979058193
2492448.7520331773,290.11443711172933,28.915224021737608,-81.92590044104335,-0.34405924759665346,0.19129525424636387,-12.97383099633733,0.5558659224387463
2492717.4060505573,268.6540173801057,29.02286876656252,-84.15827055711262,-0.34757291863714246,0.19281144409056677,-13.145424771439629,0.5624784426104329
2492963.9608226023,246.55477204499172,29.127333893560643,-86.27950512755659,-0.35094281017371687,0.19431853175207653,-13.315003893321684,0.568770094473967
2493189.0265701474,225.06574754517837,29.227851308147653,-88.2790537971767,-0.3541576385721067,0.19572863194433385,-13.481070472917983,0.574970658502199
2493397.1713176533,208.14474750573814,29.32556370587997,-90.18385571232173,-0.35727859203428775,0.19700992432556225,-13.64063640471528,0.5809602046122558
2493586.6433798634,189.47206220996372,29.418812480052434,-91.96538553629603,-0.36030343103537743,0.19822118359970214,-13.79131854033786,0.5865874695788033
2493760.3586901138,173.7153102505604,29.508223543323655,-93.63921084459172,-0.3632857137942465,0.19937547451831447,-13.937929984585114,0.5919085912104146
