v0,f,lam_star_re,lam_star_im,lead_re,lead_im,max_abs_z,t_newton,time
0.0,-1.0,-1.9999999944711007,408.21012602964873,-1.9999999944711007,408.21012602964873,0.0,42.138747692108154,82.75485730171204
0.5,-1.0,-1.9907765164595244,408.49064584676586,-1.9907765164595244,408.49064584676586,0.0,5.950578927993774,8.21906852722168
1.0,-1.0,-1.981336958761451,408.8187089734387,-1.981336958761451,408.8187089734387,0.0,5.476684808731079,7.414971590042114
1.5,-1.0,-1.9717218204722544,409.0922194049949,-1.9717218204722544,409.0922194049949,0.0,5.511117935180664,7.365100383758545
2.0,-1.0,-1.9619061717120927,409.3086505650444,-1.9619061717120927,409.3086505650444,0.0,6.156641244888306,7.995814800262451
2.5,-1.0,-1.9518659672084775,409.46596126375886,-1.9518659672084775,409.46596126375886,0.0,5.537232398986816,7.371412515640259
3.0,-1.0,-1.9415775756213767,409.56203825708553,-1.9415775756213767,409.56203825708553,0.0,5.282325506210327,7.348818778991699
4.0,-1.0,-1.9201633418564734,409.56114217744886,-1.9201633418564734,409.56114217744886,0.0,8.040949821472168,10.138111591339111
5.0,-1.0,-1.8974797369997576,409.2848459649289,-1.8974797369997576,409.2848459649289,0.0,8.567220449447632,10.570652723312378
6.0,-1.0,-1.8733356478718968,408.7064972381593,-1.8733356478718968,408.7064972381593,0.0,8.5829176902771,10.606379747390747
7.0,-1.0,-1.8473963331255945,407.7802156087932,-1.8473963331255945,407.7802156087932,0.0,8.67804765701294,10.55336046218872
8.0,-1.0,-1.8298348574003924,406.57432935724944,-1.8298348574003924,406.57432935724944,0.0,7.618027210235596,9.854963302612305
9.0,-1.0,-1.7869656979864255,404.9279725238711,-1.7869656979864255,404.9279725238711,0.0,8.012218952178955,10.187453508377075
10.0,-1.0,-1.7550321303454428,402.74034310258037,-1.7550321303454428,402.74034310258037,0.0,8.287803173065186,10.573931455612183
11.0,60.38602365988742,60.38602365988742,0.0,60.38602365988742,0.0,0.0,7.778126955032349,9.931082248687744
10.5,-1.0,-1.7358017790560532,401.40813136425953,-1.7358017790560532,401.40813136425953,0.0,5.52694296836853,7.785104513168335
10.75,-1.0,-1.725076282550171,400.64060575121795,-1.725076282550171,400.64060575121795,0.0,5.621626138687134,7.799711227416992
10.875,39.743876474637496,39.743876474637496,0.0,39.743876474637496,0.0,0.0,6.087972640991211,8.44662880897522
10.8125,23.858391463200412,23.858391463200412,0.0,23.858391463200412,0.0,0.0,5.971038103103638,8.197802066802979
10.78125,9.508511931014183,9.508511931014183,0.0,9.508511931014183,0.0,0.0,5.620913028717041,7.645445823669434
10.765625,-1.0,-1.7244124122026496,400.58916801286875,-1.7244124122026496,400.58916801286875,0.0,5.452989101409912,7.9614152908325195
10.7734375,-1.0,-1.7240833627094048,400.56325956992856,-1.7240833627094048,400.56325956992856,0.0,5.842273950576782,8.16235613822937
