t,h,F_spread,max_abs_z,z_min,z_max,z_l2,max_slope,z_at_-30,z_at_-15,z_at_-8,z_at_-4,z_at_+4,z_at_+8,z_at_+15
0.0,0.36746922047414726,0.0,4.053499775089362,-4.053499775089362,0.3740069808764789,114.00687543120084,0.3120519412392486,-3.435398818851779,-3.033200470532229,-0.9883762114882986,0.03297246302207701,0.3732870938327051,0.34415521537027055,0.2397618474764258
28184.075211307343,0.7908990363601063,0.009303673702923395,3.734722090496939,-3.734722090496939,0.7976786940803051,106.82295079652162,0.30439149655619563,-3.2735042641263603,-2.528957314558839,-0.4996715057502529,0.4738346276821595,0.7969107705195224,0.7636787636878124,0.628835054194775
56368.150422614686,1.1647420159146424,0.008333592483691268,3.332222109493102,-3.332222109493102,1.1663162587412292,97.75315753115292,0.2948118150626823,-2.9956568098041574,-2.019486234676928,-0.039592865826741874,0.8742391009099997,1.159228217098923,1.1015375207279738,0.9153068116923941
84552.22563392203,1.3869555722823568,0.007099930714909584,2.8483132040831487,-2.8483132040831487,1.3872098682785672,86.57272901137486,0.271473450171298,-2.6131228736282264,-1.5131349451504352,0.3156725591211368,1.1326232631785114,1.3724929960630914,1.2979421329047176,1.0793074335528199
112736.30084522937,1.464264317153372,0.005754566676542484,2.3310646715770966,-2.3310646715770966,1.4643809790543965,74.39057463838202,0.2371657438553885,-2.173413663150539,-1.0458558432743303,0.5567580877667371,1.251986823487679,1.4441908882044079,1.3619848370826837,1.1331479864739875
140920.3760565367,1.4326559771225853,0.004424187312132542,1.8148330421336065,-1.8148330421336065,1.4326790224563293,62.22451475162113,0.1978102852341863,-1.720662665333852,-0.6400379251801857,0.6996874715441904,1.2640405375804833,1.4095634609829766,1.326490974465685,1.103733734533061
169104.45126784407,1.3277031344969423,0.0031770883666293256,1.3277031344969423,-1.3238554029100624,1.3277031344969423,50.749221963936996,0.15787797121422373,-1.2826360538768515,-0.29990684059428485,0.7671687350880232,1.2016100243425027,1.3034497273183416,1.2240457365253943,1.0179564567505366
197288.52647915142,1.1771428670075272,0.0020398902041283873,1.1771428670075272,-0.8914530847509727,1.1771428670075272,40.45011791148057,0.11917198867228643,-0.8730341450701273,-0.019633185750690656,0.7802939609990159,1.0910190062780183,1.1530429392899666,1.0802376957703168,0.8973104861447927
225472.60169045877,1.0006436191401398,0.0010187025097108116,1.0006436191401398,-0.5031934140787333,1.0006436191401398,31.84433305142329,0.0834193659540158,-0.49750735235605426,0.20946602610388967,0.7556545099272118,0.9512891669593091,0.9776322979234475,0.9132776905079787,0.75725262738121
253656.67690176613,0.8115422045217195,0.00011544733852182388,0.811566615248208,-0.17897441952827642,0.811566615248208,25.65509973183636,0.051397563476430194,-0.1583972385173343,0.395058721608358,0.7051116763001617,0.7954506901544594,0.7902943022879965,0.735520771046495,0.6083037185968878
281840.7521130735,0.6188501405855344,0.0006785468387584729,0.6393641647335266,-0.024104864365724545,0.6393641647335266,22.6709937026114,0.029297913942569767,0.1425726576685106,0.5423992689285887,0.6366604149021162,0.632297657180664,0.5998615936037401,0.555304575323575,0.45754772937005317
310024.8273243808,0.4289667359708481,0.0013528826506263418,0.6578116430810026,-0.003342352441945357,0.6578116430810026,22.911521870474626,0.030672648163326606,0.403194599238285,0.6543532767845928,0.5556171370684255,0.46798927076303887,0.4126045204681752,0.37853389452443426,0.30996602565762743
338208.90253568813,0.24692602624213095,0.0019053940233020724,0.8125046704909895,-0.0021560879600034254,0.8125046704909895,25.180423923325737,0.0435666179774768,0.6207324739430764,0.7321558318697459,0.4657709622806197,0.3072852488326142,0.23345076485111155,0.20982897179431614,0.1694121466865621
366392.97774699546,0.07714444031843615,0.0023306820669601945,0.9615424336025505,-0.00208680567266449,0.9615424336025505,28.04791177897112,0.06262309531858695,0.7925191922579377,0.7764684452139734,0.37031411464574243,0.15434575444267218,0.06671248604997387,0.053208015248824805,0.03919489248505419
394577.0529583028,-0.07630001479477162,0.0026255417687046606,1.070841806643872,-0.08772120092036167,1.070841806643872,30.580414482639238,0.07786711246584448,0.9168230174067121,0.7884043645576979,0.2724395787284033,0.01308987018523077,-0.0836446047585242,-0.08765872430768795,-0.07769492614335896
422761.1281696101,-0.20976356013182393,0.0027913380730332114,1.135684565336892,-0.2142786428332575,1.135684565336892,32.30567962578426,0.08873334807302996,0.9936288908095052,0.7702532703722806,0.17555856361426803,-0.11282887713902472,-0.21409565914664314,-0.20953138964959728,-0.17863528194059344
450945.20338091743,-0.3203498320668607,0.0028352527949740912,1.1512999293467328,-0.3222387776916944,1.1512999293467328,33.03675410929269,0.0954248998414902,1.0250580254370585,0.7257383089431889,0.08317742166067295,-0.22029891200089932,-0.3218597630329884,-0.309875055031527,-0.2615839238517472
479129.27859222476,-0.4062483763860092,0.002770084743399459,1.12296795025327,-0.4069981747928116,1.12296795025327,32.757628507008334,0.09804586719635042,1.0153068398060268,0.6598000683955407,-0.001433916046949443,-0.3070972735653501,-0.40522539648459266,-0.38715538930484555,-0.32531282460046795
507313.3538035321,-0.46693773026970603,0.0026128470716567168,1.0607583444411046,-0.4671977856880791,1.0607583444411046,31.555580824168302,0.09679033961226714,0.9701749763977703,0.5780602629320323,-0.07560665932114241,-0.37213852024181493,-0.463743338750725,-0.4410134432068767,-0.3695510712690235
535497.4290148395,-0.5031784897182368,0.0023827686190802896,0.970774160502162,-0.5032659503939394,0.970774160502162,29.576508235060174,0.09223515984048224,0.8963788243456525,0.4861932228472807,-0.13752622795860628,-0.4155327341009765,-0.4982155738940195,-0.47225342178555024,-0.3949797046939224
563681.5042261468,-0.5168163480660639,0.002099342737447175,0.8596531046618724,-0.5168685697397156,0.8596531046618724,26.99396966059532,0.08502427284273788,0.8008659282672985,0.38940232392099955,-0.18630892554425801,-0.43845290427822026,-0.5105001125494634,-0.4826607636276723,-0.4030884442950186
591865.5794374542,-0.5104741927448827,0.0017808527599155574,0.7337082917584676,-0.5105016454054105,0.7337082917584676,23.989233152100628,0.07580868791281105,0.6902795325054468,0.2921029341524902,-0.22191789052184774,-0.4428773567846151,-0.5032087151751841,-0.47472073258799247,-0.39594843859835405
620049.6546487616,-0.48722259871633156,0.0014435162065966622,0.5992573868825228,-0.48722762206224096,0.5992573868825228,20.74113632078277,0.06533843032024468,0.5706284815817326,0.19781564558797093,-0.2449800216774245,-0.43129164655825625,-0.47938436266813345,-0.451317624095104,-0.3759656383140476
648233.729860069,-0.45029454807564,0.0011011732438752928,0.4619407322728159,-0.45029454807564,0.4619407322728159,17.424962389341108,0.054071636239627636,0.4471442911060519,0.10921385936269906,-0.2565723012092732,-0.4064173834608078,-0.4422224503556969,-0.41547416585437535,-0.3456644837455337
676417.8050713764,-0.40287541280369304,0.0007653408808312196,0.40287541280369304,-0.40287541280369304,0.3321442176494898,14.220683961027419,0.042538731401175776,0.32426881886229,0.02825189032966805,-0.25802826961668696,-0.3710040974932054,-0.3948658087865512,-0.3701595198465253,-0.30752677929712036
704601.8802826838,-0.3479706615120639,0.00044544783832924773,0.3479706615120639,-0.3479706615120639,0.20847487341687132,11.33309324062242,0.03130404609643149,0.20571160218802834,-0.043688073426716614,-0.2507905851750508,-0.3276921646763466,-0.34027579136094377,-0.31816828630507926,-0.2638889941165926
732785.9554939911,-0.28833663625454786,0.00014910752427255613,0.28833663625454786,-0.28833663625454786,0.09628619196263052,9.02308672227757,0.02065188992225021,0.0945277500164205,-0.10566947335173604,-0.23631490675700456,-0.27893666491246455,-0.2811649938501642,-0.26205721547845745,-0.21688776896798745
760970.0307052985,-0.22645345724986152,0.00011765574567849867,0.22723779690414886,-0.22723779690414886,0.020478456226578,7.60572631524378,0.011843264633373679,-0.006814031778526332,-0.15711231386648364,-0.21601728283046884,-0.22697410127450768,-0.2199710770282739,-0.20412051801960385,-0.16843812598602037
789154.1059166059,-0.16452045764222015,0.00035025990287887844,0.20046417302697214,-0.20046417302697214,0.0018373903297553324,7.2675112955783465,0.008827466331297579,-0.09638620549164878,-0.197741999911077,-0.19125168553020633,-0.1738136317717545,-0.15885252187347282,-0.14638585017307237,-0.1202295245469879
817338.1811279133,-0.1044588171364229,0.0005454916452698061,0.2406517347088927,-0.2406517347088927,0.0007354972452545055,7.787041885301869,0.012216472611078133,-0.17277958174112262,-0.22756628199371326,-0.16330326556926167,-0.12123750732357313,-0.09969139602736202,-0.09061706928888136,-0.073728184982759
845522.2563392207,-0.04791273301439796,0.0007014774532351942,0.2931785686037034,-0.2931785686037034,0.000692820030869284,8.694918007403784,0.017776822813568127,-0.235094208810165,-0.24686642732974007,-0.13338582992320253,-0.07080125018898402,-0.044094718142802705,-0.038315866720614745,-0.03017892971138318
873706.3315505281,0.003754078140174353,0.0008176618540499497,0.33431233462718923,-0.33431233462718923,0.009889823178984075,9.622598445811803,0.023319307733506496,-0.2829319272635332,-0.25618894308893875,-0.10263592405428852,-0.023829264150354433,0.006608641294651779,0.009280575725369165,0.009395978230105094
901890.4067618354,0.04946514107509329,0.0008947592674495772,0.36492537427574073,-0.36492537427574073,0.051781300989195644,10.370399688788552,0.027601183270483415,-0.31637934079104163,-0.25632764957961585,-0.07210045764135294,0.01859376207915443,0.05137411582549775,0.05120463286498205,0.044200129950652055
930074.4819731428,0.08843738374032799,0.0009346575586342215,0.3804615923771347,-0.3804615923771347,0.08945833572698056,10.847630299989447,0.030544294240419056,-0.33597370747922617,-0.24829095614244454,-0.04271855627047241,0.055632481065578485,0.08944687810326515,0.08676250409068823,0.07366564899996111
958258.5571844502,0.12018174584443984,0.0009402670324880017,0.38212220299179667,-0.38212220299179667,0.1206376017470925,11.023832984972481,0.03233125496572954,-0.3426493702799502,-0.23325466077413398,-0.01530124752723435,0.08670680967740861,0.1203617621263918,0.11553332376562254,0.09745177541312253
986442.6323957576,0.14449478231684076,0.0009153229339895068,0.3714391786204123,-0.3714391786204123,0.1446920408923666,10.902770120147437,0.03288602775110097,-0.337667309132748,-0.21250454963898696,0.00948682310059774,0.1114904272793594,0.14393433669425915,0.13736002835926026,0.11543679825204914
1014626.707607065,0.1614394747555556,0.0008641593261904754,0.35172083147423006,-0.35172083147423006,0.1615120225867514,10.50875511274064,0.03233239395493481,-0.3225338198823972,-0.18737531300160112,0.03113975285452692,0.12989950002276185,0.1602414477274285,0.15233046747333867,0.12770209231942814
1042810.7828183724,0.17131580363477888,0.0007914759536265868,0.3231708207810448,-0.3231708207810448,0.17134240854591576,9.878796178686997,0.030816632365798857,-0.29891575475655807,-0.15919237828183325,0.04931450695074371,0.142071477799953,0.16959181146894764,0.1607493153029337,0.13450865909248416
1070994.8580296796,0.17462339727569984,0.0007021178139909364,0.28804806291952695,-0.28804806291952695,0.1746407095368387,9.05764693729572,0.028499405547529815,-0.2685592763701903,-0.12922178494091158,0.06382632745583433,0.1483356249034383,0.17248895085790683,0.1631029247430102,0.13626788122588898
1099178.933240987,0.17201954665991406,0.000600881674381944,0.24787447465026172,-0.24787447465026172,0.172029022351427,8.094590667008136,0.025548146270126772,-0.23321731023748923,-0.09863098612893612,0.07463652307418799,0.14917808401920757,0.16958970226585574,0.16002013055024228,0.13350892874758474
1127363.0084522942,0.164275999165472,0.0004923570280141093,0.20450944599202836,-0.20450944599202836,0.16427824350842066,7.041575341741701,0.022172644435130073,-0.19458861970624097,-0.06846123656660537,0.08183471709807312,0.14520460845915162,0.16166162860661565,0.1522321081765357,0.12684536303291025
1155547.0836636014,0.15223743921565816,0.0003808029395789994,0.15968673179552278,-0.15968673179552278,0.15223743921565816,5.952793116806389,0.01850616835206906,-0.1542693426306706,-0.039610538165903125,0.08561795641077087,0.137103786823512,0.14954217267104877,0.14053392682600027,0.1169431197171569
1183731.1588749087,0.13678357458602738,0.0002700580830900525,0.13678357458602738,-0.11662891313831074,0.13678357458602738,4.886315336996181,0.01470938472952085,-0.11371632431153234,-0.012825259575647827,0.08626874996562028,0.12561274075042272,0.13410141981054116,0.1257495482178558,0.10449135016071329
1211915.234086216,0.11879618056683025,0.0001634790529702399,0.11879618056683025,-0.07526095977284733,0.11879618056683025,3.909083485343882,0.010971293018503232,-0.0742207924297619,0.011301815700290272,0.08413383740942247,0.11148677094152007,0.11620976808870537,0.10870145839710774,0.09017709190786918
1240099.3092975232,0.09913118846989678,6.390180353682106e-05,0.09913118846989678,-0.037185925330170795,0.09913118846989678,3.105999127857057,0.00739986439829396,-0.03689068079861234,0.03232879197512379,0.079604469706703,0.09547321038149541,0.0967105971213451,0.09018504933726264,0.07466393270868608
1268283.3845088305,0.07859582459459813,2.6378148076319734e-05,0.07867421073054913,-0.009417533756297915,0.07867421073054913,2.5825829199094947,0.004324233433718046,-0.0026401547606470146,0.04995869085725952,0.07309873041953577,0.0782896141175066,0.07639792182784129,0.07094771235854282,0.0585746166755921
1296467.4597201378,0.05793037000593786,0.00010560989754496096,0.06637625253157024,-0.0008320706031827248,0.06637625253157024,2.415887060661843,0.0028890084433149557,0.027814743591660723,0.06403101562046701,0.06504592909200527,0.06060596461158721,0.05599861004594023,0.05167225594611201,0.04247728845960716
1324651.534931445,0.037794097434739736,0.00017257764300986897,0.07742485371727931,-0.00025382850678564264,0.07742485371727931,2.5550155137777466,0.0038551547333874185,0.05395503598407159,0.07451124250972904,0.05587291803851796,0.043030516848345336,0.03615872512110535,0.03296423220066646,0.026875027795560728
1352835.6101427523,0.018755010575917174,0.0002265786537040567,0.09517176310749627,-0.00023188210734743345,0.09517176310749627,2.8475491995981175,0.005609769737787111,0.07545278462390437,0.08147841071098186,0.04599214921138379,0.026098954031523916,0.017433622541931818,0.015342818300530612,0.012198372712198102
1381019.6853540596,0.001283117528524647,0.0002673896198147724,0.1094332788188226,-0.0012232431318917928,0.1094332788188226,3.162195086391125,0.007514333170851377,0.09216046706740133,0.0851109464445318,0.0357913507875504,0.010266623440586998,0.00028153300333999423,-0.0007650059101664376,-0.0011993948757032908
1409203.7605653668,-0.014252946086641429,0.00029522246933913135,0.12046450200705897,-0.01514069691258658,0.12046450200705897,3.425281346077219,0.009011297941939007,0.10409617328169338,0.08567095388644468,0.02562480284117341,-0.004096288168465324,-0.014939554970114823,-0.015027168874611882,-0.013044366611323903
1437387.835776674,-0.02758610062203598,0.00031067119776364806,0.12651841623494683,-0.027974727120122615,0.12651841623494683,3.602522765128273,0.010060499182190315,0.11142520627820958,0.08348736512857385,0.01580627670864335,-0.016706737271383477,-0.027971873248177244,-0.02720626719583486,-0.023141672107981816
1465571.9109879814,-0.0385480019217675,0.000314651787744751,0.12792895283073297,-0.03872231954711885,0.12792895283073297,3.6813488090514346,0.010732325234025442,0.11443885225709755,0.07893849422902628,0.0066037419179842405,-0.027368077973619925,-0.03865490658903185,-0.03715656527717042,-0.03137285695650452
1493755.9861992886,-0.04706348556067407,0.0003083377191455139,0.12517758345119154,-0.04714050971061762,0.12517758345119154,3.6613015929763364,0.010993824597682833,0.11353123659800593,0.07243463640398153,-0.001764071682534224,-0.03596676708481423,-0.046919750340305356,-0.044818496965070696,-0.0376911972096928
1521940.061410596,-0.05314264369178384,0.0002930937701164619,0.11924539402343495,-0.05317175926184074,0.11924539402343495,3.549109031365171,0.010881783516490239,0.10917525768591947,0.06440136872319532,-0.009129231923685777,-0.042466791249563984,-0.05278116062014199,-0.0502110199904766,-0.04211524406495931
1550124.1366219032,-0.05687099392386772,0.000270410750069968,0.11035268017056366,-0.056881723576456156,0.11035268017056366,3.355969176050424,0.01044207775641111,0.10189857674086018,0.055264144918810154,-0.015374347559055269,-0.0469021806843361,-0.0563277526063338,-0.0534222549624154,-0.044720957765692265
1578308.2118332104,-0.058398262220720656,0.0002418435152646768,0.09912967109248863,-0.05840465042460669,0.09912967109248863,3.095900505632482,0.009725661691724716,0.09226054689111304,0.04543465419853229,-0.020430655537719566,-0.04936804590715174,-0.05771086231223896,-0.05459889496146804,-0.04563283380281625
1606492.2870445177,-0.0579263243035729,0.00020895417002821673,0.08609668253494851,-0.05793007421778689,0.08609668253494851,2.7846761362383874,0.008786367488485596,0.0808308123255354,0.035299261082749375,-0.024274689295441198,-0.050010611010898084,-0.057132607718520446,-0.05393488957512787,-0.04501443901237809
1634676.362255825,-0.05569683176664174,0.00017326183869559577,0.07184991834085523,-0.055698125289245594,0.07184991834085523,2.439167991350765,0.007688315745774563,0.06817012791256415,0.025209688565923503,-0.026923815928516143,-0.04901671608247178,-0.05483366586180459,-0.051659888084634654,-0.0430587594906444
1662860.4374671322,-0.05197899761628249,0.00013619988306361929,0.05697225983428904,-0.05197899761628249,0.05697225983428904,2.07710289337903,0.006485584010943051,0.05481376822244223,0.015475971576422295,-0.028430950323707828,-0.04660322729950801,-0.05108123091419839,-0.048027877385554606,-0.03997872180414721
1691044.5126784395,-0.047057942615863185,9.908099190347646e-05,0.047057942615863185,-0.047057942615863185,0.04240408007071093,1.7174002097067407,0.005222285676941392,0.04125773188307657,0.006361603415537334,-0.028878747086607037,-0.04300673562709144,-0.04615754561825226,-0.043306381542971506,-0.035998192222920736
1719228.5878897468,-0.041223920612310366,6.30702094476664e-05,0.041223920612310366,-0.041223920612310366,0.028397244926348954,1.381485975820732,0.003964777938035907,0.02794781281499338,-0.0019192729475870425,-0.02837354370431853,-0.03847385487609953,-0.04034931635153395,-0.03776651252595225,-0.03134369457274514
1747412.663101054,-0.03476265976453318,2.916570015249914e-05,0.03476265976453318,-0.03476265976453318,0.015418753389467405,1.0960193175584418,0.0027546232468622454,0.015271506010409538,-0.009202819458451129,-0.027039290963935723,-0.03325235875050854,-0.03393824203372901,-0.0316740861534972,-0.02623702427726063
1775596.7383123613,-0.027946981355028835,2.3140659171637843e-06,0.027948914169508753,-0.027948914169508753,0.00481861734549214,0.8951371790106704,0.001661433766591385,0.003552638035152509,-0.015374815587154613,-0.02501166499104772,-0.027583328966467868,-0.027192813132761513,-0.025281947696527647,-0.02088887811700997
1803780.8135236686,-0.021029793776793322,2.9230800663018412e-05,0.022448145589400285,-0.022448145589400285,0.0005310949412960556,0.8100164494066071,0.0009914889720950368,-0.006951444969245452,-0.02036855020036718,-0.02243251621136062,-0.021694428142811032,-0.020361474010977407,-0.01882359216267113,-0.015493569389231725
1831964.8887349758,-0.014238505696345494,5.2634511391641366e-05,0.024561465072945883,-0.024561465072945883,0.00010559454807236445,0.8358413924588425,0.001179353001159462,-0.016050342908708982,-0.02416151713864407,-0.019444776280295065,-0.015794361983937796,-0.013667189194811562,-0.01250811466782532,-0.010224856515240133
1860148.963946283,-0.007770857907182557,7.174775755464105e-05,0.030397785144652825,-0.030397785144652825,7.787956688026307e-05,0.9259448681227748,0.0017025117552316902,-0.023618967324363742,-0.026771140118989102,-0.01618791506213546,-0.010068554325017728,-0.007303410457914006,-0.006516485147471935,-0.0052328786424040066
1888333.0391575904,-0.00179213589172941,8.645902787669313e-05,0.03555301332397378,-0.03555301332397378,7.546364718799969e-05,1.0322739892402846,0.0023695683424513514,-0.02959408224191118,-0.028249752928640355,-0.012794015064258186,-0.004676024001680693,-0.0014314048154874383,-0.0009991070735509422,-0.0006421628854651372
1916517.1143688976,0.003566307218753578,9.680675058696828e-05,0.03952425024142851,-0.03952425024142851,0.00393314081094939,1.1258887574128724,0.0029040634676036035,-0.03396931855562423,-0.02867905963745583,-0.009384508762878153,0.00025257755298572273,0.0038211281371092714,0.003925409829500087,0.003449356814880006
1944701.189580205,0.008207315811540106,0.00010296124039784633,0.041949460399809624,-0.041949460399809624,0.008364217767546237,1.1928015888965628,0.003291253953254287,-0.03678897607499062,-0.028164295027453514,-0.006067603577826334,0.0046158357487527096,0.008360248668040533,0.008170358590679673,0.006970390487039447
1972885.2647915122,0.012067107910932405,0.00010520453688850702,0.04279044685933368,-0.04279044685933368,0.012138587892834597,1.2274297018381313,0.0035461577322031855,-0.03814093447596065,-0.026828295916371616,-0.0029363990529655258,0.008341440700246606,0.012124901906581172,0.011680043388717037,0.009875511875859354
2001069.3400028194,0.015113504997098489,0.00010390899259866978,0.04220014495500601,-0.04220014495500601,0.015144145974567029,1.228820082989549,0.0036665008602470126,-0.038148991494643236,-0.024805678517492217,-6.768099922142818e-05,0.01138516512327786,0.015085117454269732,0.014428022792535675,0.012143660963270107
2029253.4152141267,0.01734337306364075,9.951542507242523e-05,0.04045879034401603,-0.04045879034401603,0.017355139773007372,1.1987229979956047,0.003658732779869746,-0.03696493337885529,-0.02223729540624919,0.0024786415013271753,0.013729079982937275,0.017239439865956125,0.016414636260062204,0.013776053587000337
2057437.490425434,0.018779441398197934,9.251157718566265e-05,0.037725082585597154,-0.037725082585597154,0.018783838594528642,1.1405564907316572,0.003537592624017467,-0.03476061953277635,-0.0192651189978661,0.004659507357433432,0.015379146816632373,0.018611754688044026,0.01766396983811117,0.014793628489165411
2085621.5656367412,0.019466668297034053,8.341153898608144e-05,0.03414991191680975,-0.03414991191680975,0.019469031888143164,1.0587932715915909,0.0033196924328541878,-0.03172033205358327,-0.016027668317946463,0.006448148373467679,0.016362331429475994,0.019247677058464755,0.018220418798759744,0.015234163397501565
2113805.6408480485,0.019468319526151034,7.273667833411479e-05,0.029928944718504446,-0.029928944718504446,0.01946978998202667,0.958568659607984,0.0030227857150917376,-0.02803360369210879,-0.012656064223684246,0.007833083903127258,0.01672338388169465,0.019210666187990895,0.01814500112620512,0.015149188380395672
2141989.716059356,0.018861916383980954,6.099851378968605e-05,0.02525106505546729,-0.02525106505546729,0.018862548841572454,0.8454318135662233,0.0026664717748581357,-0.02388869713477763,-0.009270767008420711,0.00881674817150817,0.016521424687415825,0.018578019926051736,0.017511566879318614,0.014600817172356362
2170173.7912706635,0.017735196643362733,4.8683847935287666e-05,0.02031402445632685,-0.02031402445632685,0.017735196643362733,0.7252277862686592,0.0022727021614920373,-0.01946686674949646,-0.005979021070044482,0.00941383607666914,0.01582646763481775,0.01743688999815524,0.016403035379429144,0.013658606163121487
2198357.866481971,0.01618221457442554,3.6242368042677704e-05,0.01618221457442554,-0.01538245014770422,0.01618221457442554,0.6041519423742896,0.0018527376676515871,-0.014937493051342902,-0.0028730051662090523,0.009649452555969962,0.014715996549774723,0.015880441493699302,0.014907775954544606,0.012396537146004676
2226541.9416932785,0.01429968696605225,2.407681758073301e-05,0.01429968696605225,-0.010661460591465988,0.01429968696605225,0.48908886425670645,0.0014299404338424257,-0.01045414163603717,-2.8664300564517308e-05,0.009557146890030769,0.013271697799678846,0.014004261046524882,0.013116229788229274,0.01089020469171988
2254726.016904586,0.01218367151645668,1.2535749108013165e-05,0.01218367151645668,-0.006222645454803959,0.01218367151645668,0.38840266952919544,0.001020105065820362,-0.006151563212760655,0.0024948192295537013,0.009176907148630335,0.01157643322443789,0.011903097822521289,0.011117851170694595,0.009214272924436016
