":0",":1"
1.414213562373095, 1.414213562373095
1.343502884254265, 1.343502884254264
1.412610623933385, 1.310256438271357
1.481902250840829, 1.343117909549599
1.272792206135378, 1.272792206135378
1.364153519889213, 1.245626604323843
1.456244620533568, 1.226298626173923
1.546020907038911, 1.268786567945367
1.298739571986705, 1.176443928556661
1.202081528016508, 1.202081528016508
1.389295997161389, 1.145426465030106
1.471021453848095, 1.100632851764079
1.528003154525358, 1.173614760301
1.606415063464734, 1.191398608306051
1.227290960930341, 1.106297295520123
1.131370849897643, 1.131370849897643
1.318783576629157, 1.0857116179684
1.385866027086449, 1.019032446263259
1.487192823862205, 1.005226982012683
1.567515739406801, 1.091675680470393
1.662939225219945, 1.11114046511901
1.157296276790854, 1.034940695012628
1.060660171778835, 1.060660171778834
1.266041994625445, 1.00850736290665
1.328612181337067, 0.9354426664762644
1.426839229713628, 0.9249360406674267
1.524866426372011, 0.9144828712749438
1.586689679729873, 0.9876154922038805
1.641934549656702, 1.039743585172241
1.715457220699685, 1.028205487219997
1.096248656236486, 0.951696733857137
1.188504705318709, 0.9559568441791029
1.252431857278716, 0.9266897559055779
1.275137678856547, 0.853729623457896
1.36866635745067, 0.8451191547724257
1.466839941415621, 0.8346256566344636
1.56205144730995, 0.823041815699392
1.619995045560255, 0.8933457950678957
1.673818225914184, 0.9609839431422547
1.763842529455995, 0.9427934722314721
0.9899494936603924, 0.9899494936603923
1.17517897211649, 0.873307275310511
1.09113838606884, 0.8638623024524786
1.011125800343335, 0.8909777622334019
0.9192388155419372, 0.9192388155419371
1.3104884896424, 0.7652989106939977
1.408699502692552, 0.7548166110252065
1.506778429152707, 0.7443886984906201
1.60160184408504, 0.7325823455244405
1.659230004885436, 0.803276523890387
1.714990330382596, 0.8741998269580425
1.807978587098114, 0.855110185060795
1.212158793967686, 0.7757739905246708
1.113689590842537, 0.7861793293564018
1.1545585286252, 0.6960122856690513
1.252370216269532, 0.685478871495286
1.350493084598508, 0.6750212816923143
1.448502817926906, 0.664608999564474
1.546110973989721, 0.6540051475348
1.641962626483067, 0.6426181027478064
1.695934885008395, 0.7136918965214646
1.760806476966384, 0.7827974635710866
1.847759065870242, 0.765366862683726
1.028738626910284, 0.7989842926164216
0.9423659715343626, 0.824063997633514
0.8485281374235492, 0.848528137423549
1.056856311256797, 0.7122279816114663
1.094742016863645, 0.6201028128384849
1.194766054099257, 0.6062678494800462
1.292528702611174, 0.5953334383396661
1.390462368480368, 0.584930718249441
1.488472548647581, 0.5744915403944619
1.586556846372072, 0.5641479150865265
1.681861507376761, 0.5495238337509638
1.736426702230939, 0.6214937427072468
1.791339166765126, 0.6943628389164409
1.883088131037715, 0.6737797049072384
0.9625845532754309, 0.7277057816133238
0.8744100419336953, 0.7519355547949728
0.7778174593051199, 0.7778174593051198
0.9943733839053599, 0.6347771908059432
0.8796881320043783, 0.6461747345790936
0.8100549756775012, 0.7049443430595004
0.7071067811865476, 0.7071067811865475
1.032500985541479, 0.5428645879892379
1.135396837753775, 0.5284669814751648
1.234571908203628, 0.5154852189140624
1.33242407786863, 0.5053190063356232
1.430342127109437, 0.4948637957333438
1.528363226454317, 0.4843729061305551
1.626075731827656, 0.4732874737391054
1.724735252404382, 0.463252683221806
1.77273587352362, 0.5363398923996666
1.82651423087776, 0.6034595543756616
1.913880671933879, 0.5805693529613201
0.92968117317807, 0.5564096079935327
0.977025244635335, 0.4624837956033013
1.076169958945848, 0.4498620301503197
1.178148416504888, 0.4320719818385376
1.274352806264894, 0.4258792832046661
1.371676398858966, 0.4203758574892204
1.470159700416335, 0.4046964501706312
1.568313771636059, 0.3941642381810164
1.666623786722345, 0.3842632660637652
1.783485007023844, 0.3722983300550853
1.806827967033843, 0.4577654886494197
1.860049581218039, 0.5225440516929024
1.940062506691485, 0.4859603585992935
0.8314696119998113, 0.5555702334726755
0.773010453243687, 0.6343932843087082
0.8819212639518064, 0.4713967375678881
0.9238795320890558, 0.3826834333844453
1.018214227070709, 0.3671809184897634
1.117643317326696, 0.3502012884175723
1.22893033404912, 0.3375615420306762
1.318583496802182, 0.3602500520608822
1.405392237940101, 0.3257237132288321
1.511585444659045, 0.3150717713524669
1.608928642440309, 0.3077495414211167
1.70661700735703, 0.2968206050300778
1.794565286886676, 0.2882234301257431
1.877722495851801, 0.3181243971097581
1.878135202151407, 0.4151469288695518
1.961570561026591, 0.3901806429255857
0.9569403354914541, 0.2902846780481245
1.051303538048058, 0.2633378282414612
1.15281659098148, 0.2566608740185471
1.241447666034747, 0.2404205946489285
1.314957813393389, 0.2806641759483286
1.378794151486905, 0.2384418076257081
1.460032945359217, 0.2416854350567632
1.556675136222846, 0.2372582965547987
1.654137279419231, 0.2324850186697961
1.749933675951113, 0.2292204972010691
1.840114950878146, 0.233028465996402
1.918226487874774, 0.2385982103642182
1.978353020053923, 0.2934609480723475
0.9807852803005146, 0.1950903225325157
1.0720528450615, 0.1590240178884542
1.192128597840858, 0.1629792319821839
1.305111184364716, 0.1804883631211966
1.408476576377102, 0.16364735077342
1.504473060248056, 0.161651225816774
1.60124122516329, 0.1605173285081555
1.702458372799583, 0.1618229999218012
1.798689198938693, 0.1673018820620122
1.90155255976582, 0.1567023791156115
1.990369453396863, 0.19603428012639
0.9951847266481262, 0.09801714057395434
1.061081421412945, 0.06735717557886059
1.138169535355098, 0.07974471943189435
1.24352230867251, 0.08289052327482099
1.350719424769666, 0.08433831125705356
1.448894394361723, 0.08429536869947163
1.551518084004158, 0.08250357530803529
1.65252241537249, 0.08519729104383718
1.749755040065526, 0.08571313445160944
1.845393339872274, 0.08381034566569918
1.925357763896807, 0.07237533873083243
1.997590912420535, 0.09813534844740679
1.0, 0.0
1.1, 0.0
1.2, 0.0
1.3, 0.0
1.4, 0.0
1.5, 0.0
1.6, 0.0
1.7, 0.0
1.8, 0.0
1.9, 0.0
2.0, 0.0
