"f",":0",":1",":2"
1.0,2.0,0.0,0
1.0,1.9,0.0,0
1.0,1.925357763896807,0.07237533873083243,0
1.0,1.997590912420535,0.09813534844740679,0
1.0,1.925357763896807,-0.07237533873083338,0
1.0,1.997590912420535,-0.09813534844740776,0
1.0,1.8,0.0,0
1.0,1.845393339872274,0.08381034566569918,0
1.0,1.90155255976582,0.1567023791156115,0
1.0,1.990369453396863,0.19603428012639,0
1.0,1.845393339872274,-0.08381034566570007,0
1.0,1.90155255976582,-0.15670237911561238,0
1.0,1.990369453396863,-0.19603428012639093,0
1.0,1.749755040065526,0.08571313445160944,0
1.0,1.7,0.0,0
1.0,1.749755040065526,-0.0857131344516103,0
1.0,1.798689198938693,-0.16730188206201305,0
1.0,1.840114950878146,-0.2330284659964029,0
1.0,1.918226487874774,-0.23859821036421908,0
1.0,1.978353020053923,-0.2934609480723485,0
1.0,1.798689198938693,0.1673018820620122,0
1.0,1.840114950878146,0.233028465996402,0
1.0,1.918226487874774,0.2385982103642182,0
1.0,1.978353020053923,0.2934609480723475,0
1.0,1.65252241537249,0.08519729104383718,0
1.0,1.702458372799583,0.1618229999218012,0
1.0,1.749933675951113,0.2292204972010691,0
1.0,1.794565286886676,0.2882234301257431,0
1.0,1.877722495851801,0.3181243971097581,0
1.0,1.961570561026591,0.3901806429255857,0
1.0,1.6,0.0,0
1.0,1.65252241537249,-0.08519729104383798,0
1.0,1.702458372799583,-0.161822999921802,0
1.0,1.749933675951113,-0.22922049720106993,0
1.0,1.794565286886676,-0.288223430125744,0
1.0,1.877722495851801,-0.318124397109759,0
1.0,1.961570561026591,-0.3901806429255867,0
1.0,1.551518084004158,0.08250357530803529,0
1.0,1.60124122516329,0.1605173285081555,0
1.0,1.654137279419231,0.2324850186697961,0
1.0,1.70661700735703,0.2968206050300778,0
1.0,1.783485007023844,0.3722983300550853,0
1.0,1.878135202151407,0.4151469288695518,0
1.0,1.940062506691485,0.4859603585992935,0
1.0,1.5,0.0,0
1.0,1.551518084004158,-0.08250357530803604,0
1.0,1.60124122516329,-0.16051732850815628,0
1.0,1.654137279419231,-0.23248501866979687,0
1.0,1.70661700735703,-0.2968206050300787,0
1.0,1.783485007023844,-0.37229833005508617,0
1.0,1.878135202151407,-0.4151469288695527,0
1.0,1.9400625066914845,-0.4859603585992945,0
1.0,1.504473060248056,0.161651225816774,0
1.0,1.556675136222846,0.2372582965547987,0
1.0,1.608928642440309,0.3077495414211167,0
1.0,1.666623786722345,0.3842632660637652,0
1.0,1.724735252404382,0.463252683221806,0
1.0,1.806827967033843,0.4577654886494197,0
1.0,1.860049581218039,0.5225440516929024,0
1.0,1.913880671933879,0.5805693529613201,0
1.0,1.448894394361723,0.08429536869947163,0
1.0,1.4,0.0,0
1.0,1.448894394361723,-0.08429536869947232,0
1.0,1.504473060248056,-0.1616512258167747,0
1.0,1.556675136222846,-0.2372582965547994,0
1.0,1.608928642440309,-0.3077495414211175,0
1.0,1.666623786722345,-0.3842632660637661,0
1.0,1.7247352524043815,-0.4632526832218069,0
1.0,1.806827967033843,-0.45776548864942057,0
1.0,1.8600495812180387,-0.5225440516929033,0
1.0,1.9138806719338786,-0.580569352961321,0
1.0,1.408476576377102,0.16364735077342,0
1.0,1.350719424769666,0.08433831125705356,0
1.0,1.3,0.0,0
1.0,1.350719424769666,-0.08433831125705422,0
1.0,1.408476576377102,-0.16364735077342066,0
1.0,1.460032945359217,-0.24168543505676388,0
1.0,1.511585444659045,-0.31507177135246767,0
1.0,1.568313771636059,-0.3941642381810172,0
1.0,1.6260757318276555,-0.4732874737391062,0
1.0,1.6818615073767607,-0.5495238337509647,0
1.0,1.7727358735236196,-0.5363398923996675,0
1.0,1.8265142308777595,-0.6034595543756625,0
1.0,1.8830881310377146,-0.6737797049072393,0
1.0,1.460032945359217,0.2416854350567632,0
1.0,1.511585444659045,0.3150717713524669,0
1.0,1.568313771636059,0.3941642381810164,0
1.0,1.626075731827656,0.4732874737391054,0
1.0,1.681861507376761,0.5495238337509638,0
1.0,1.77273587352362,0.5363398923996666,0
1.0,1.82651423087776,0.6034595543756616,0
1.0,1.883088131037715,0.6737797049072384,0
1.0,1.305111184364716,0.1804883631211966,0
1.0,1.24352230867251,0.08289052327482099,0
1.0,1.2,0.0,0
1.0,1.24352230867251,-0.0828905232748216,0
1.0,1.305111184364716,-0.1804883631211972,0
1.0,1.378794151486905,-0.23844180762570877,0
1.0,1.405392237940101,-0.32572371322883276,0
1.0,1.470159700416335,-0.404696450170632,0
1.0,1.5283632264543165,-0.4843729061305559,0
1.0,1.5865568463720716,-0.5641479150865274,0
1.0,1.6419626264830665,-0.6426181027478073,0
1.0,1.7364267022309385,-0.6214937427072477,0
1.0,1.7913391667651255,-0.6943628389164418,0
1.0,1.8477590658702416,-0.7653668626837269,0
1.0,1.378794151486905,0.2384418076257081,0
1.0,1.405392237940101,0.3257237132288321,0
1.0,1.470159700416335,0.4046964501706312,0
1.0,1.528363226454317,0.4843729061305551,0
1.0,1.586556846372072,0.5641479150865265,0
1.0,1.641962626483067,0.6426181027478064,0
1.0,1.736426702230939,0.6214937427072468,0
1.0,1.791339166765126,0.6943628389164409,0
1.0,1.847759065870242,0.765366862683726,0
1.0,1.192128597840858,0.1629792319821839,0
1.0,1.241447666034747,0.2404205946489285,0
1.0,1.314957813393389,0.2806641759483286,0
1.0,1.318583496802182,0.3602500520608822,0
1.0,1.371676398858966,0.4203758574892204,0
1.0,1.430342127109437,0.4948637957333438,0
1.0,1.488472548647581,0.5744915403944619,0
1.0,1.546110973989721,0.6540051475348,0
1.0,1.60160184408504,0.7325823455244405,0
1.0,1.695934885008395,0.7136918965214646,0
1.0,1.760806476966384,0.7827974635710866,0
1.0,1.807978587098114,0.855110185060795,0
1.0,1.138169535355098,0.07974471943189435,0
1.0,1.1,0.0,0
1.0,1.138169535355098,-0.0797447194318949,0
1.0,1.192128597840858,-0.16297923198218445,0
1.0,1.241447666034747,-0.24042059464892906,0
1.0,1.314957813393389,-0.28066417594832926,0
1.0,1.318583496802182,-0.36025005206088284,0
1.0,1.371676398858966,-0.42037585748922107,0
1.0,1.4303421271094365,-0.4948637957333446,0
1.0,1.4884725486475805,-0.5744915403944626,0
1.0,1.5461109739897205,-0.6540051475348009,0
1.0,1.6016018440850395,-0.7325823455244413,0
1.0,1.6959348850083946,-0.7136918965214655,0
1.0,1.7608064769663836,-0.7827974635710875,0
1.0,1.8079785870981135,-0.8551101850607958,0
1.0,1.0720528450615,0.1590240178884542,0
1.0,1.15281659098148,0.2566608740185471,0
1.0,1.22893033404912,0.3375615420306762,0
1.0,1.274352806264894,0.4258792832046661,0
1.0,1.33242407786863,0.5053190063356232,0
1.0,1.390462368480368,0.584930718249441,0
1.0,1.448502817926906,0.664608999564474,0
1.0,1.506778429152707,0.7443886984906201,0
1.0,1.56205144730995,0.823041815699392,0
1.0,1.659230004885436,0.803276523890387,0
1.0,1.714990330382596,0.8741998269580425,0
1.0,1.763842529455995,0.9427934722314721,0
1.0,1.061081421412945,0.06735717557886059,0
1.0,1.0,0.0,0
1.0,1.061081421412945,-0.06735717557886112,0
1.0,1.0720528450615,-0.1590240178884547,0
1.0,1.15281659098148,-0.25666087401854765,0
1.0,1.22893033404912,-0.33756154203067684,0
1.0,1.274352806264894,-0.4258792832046668,0
1.0,1.3324240778686296,-0.5053190063356239,0
1.0,1.3904623684803676,-0.5849307182494417,0
1.0,1.4485028179269055,-0.6646089995644746,0
1.0,1.5067784291527067,-0.7443886984906207,0
1.0,1.5620514473099496,-0.8230418156993929,0
1.0,1.6592300048854356,-0.8032765238903878,0
1.0,1.7149903303825955,-0.8741998269580434,0
1.0,1.7638425294559945,-0.942793472231473,0
1.0,1.051303538048058,0.2633378282414612,0
1.0,1.117643317326696,0.3502012884175723,0
1.0,1.178148416504888,0.4320719818385376,0
1.0,1.234571908203628,0.5154852189140624,0
1.0,1.292528702611174,0.5953334383396661,0
1.0,1.350493084598508,0.6750212816923143,0
1.0,1.408699502692552,0.7548166110252065,0
1.0,1.466839941415621,0.8346256566344636,0
1.0,1.524866426372011,0.9144828712749438,0
1.0,1.619995045560255,0.8933457950678957,0
1.0,1.673818225914184,0.9609839431422547,0
1.0,1.715457220699685,1.028205487219997,0
1.0,0.9807852803005146,0.1950903225325157,0
1.0,0.9951847266481262,0.09801714057395434,0
1.0,0.9951847266481262,-0.09801714057395484,0
1.0,0.9807852803005146,-0.19509032253251615,0
1.0,1.051303538048058,-0.26333782824146174,0
1.0,1.117643317326696,-0.35020128841757286,0
1.0,1.178148416504888,-0.4320719818385382,0
1.0,1.2345719082036275,-0.5154852189140631,0
1.0,1.2925287026111736,-0.5953334383396668,0
1.0,1.3504930845985075,-0.675021281692315,0
1.0,1.4086995026925515,-0.7548166110252071,0
1.0,1.4668399414156206,-0.8346256566344643,0
1.0,1.5248664263720106,-0.9144828712749444,0
1.0,1.6199950455602545,-0.8933457950678966,0
1.0,1.6738182259141836,-0.9609839431422555,0
1.0,1.7154572206996845,-1.028205487219998,0
1.0,1.018214227070709,0.3671809184897634,0
1.0,1.076169958945848,0.4498620301503197,0
1.0,1.135396837753775,0.5284669814751648,0
1.0,1.194766054099257,0.6062678494800462,0
1.0,1.252370216269532,0.685478871495286,0
1.0,1.3104884896424,0.7652989106939977,0
1.0,1.36866635745067,0.8451191547724257,0
1.0,1.426839229713628,0.9249360406674267,0
1.0,1.487192823862205,1.005226982012683,0
1.0,1.586689679729873,0.9876154922038805,0
1.0,1.641934549656702,1.039743585172241,0
1.0,1.662939225219945,1.11114046511901,0
1.0,0.9569403354914541,0.2902846780481245,0
1.0,0.9569403354914539,-0.29028467804812497,0
1.0,1.018214227070709,-0.367180918489764,0
1.0,1.076169958945848,-0.4498620301503203,0
1.0,1.1353968377537746,-0.5284669814751655,0
1.0,1.1947660540992566,-0.6062678494800469,0
1.0,1.2523702162695316,-0.6854788714952866,0
1.0,1.3104884896423996,-0.7652989106939984,0
1.0,1.3686663574506694,-0.8451191547724264,0
1.0,1.4268392297136276,-0.9249360406674274,0
1.0,1.4871928238622045,-1.0052269820126838,0
1.0,1.5866896797298726,-0.9876154922038813,0
1.0,1.6419345496567015,-1.0397435851722419,0
1.0,1.6629392252199446,-1.1111404651190109,0
1.0,0.977025244635335,0.4624837956033013,0
1.0,1.032500985541479,0.5428645879892379,0
1.0,1.094742016863645,0.6201028128384849,0
1.0,1.1545585286252,0.6960122856690513,0
1.0,1.212158793967686,0.7757739905246708,0
1.0,1.275137678856547,0.853729623457896,0
1.0,1.328612181337067,0.9354426664762644,0
1.0,1.385866027086449,1.019032446263259,0
1.0,1.471021453848095,1.100632851764079,0
1.0,1.567515739406801,1.091675680470393,0
1.0,1.606415063464734,1.191398608306051,0
1.0,0.9238795320890558,0.3826834333844453,0
1.0,0.9238795320890556,-0.38268343338444577,0
1.0,0.9770252446353348,-0.46248379560330183,0
1.0,1.0325009855414786,-0.5428645879892383,0
1.0,1.0947420168636446,-0.6201028128384856,0
1.0,1.1545585286251996,-0.6960122856690519,0
1.0,1.2121587939676857,-0.7757739905246714,0
1.0,1.2751376788565465,-0.8537296234578967,0
1.0,1.3286121813370666,-0.9354426664762651,0
1.0,1.3858660270864485,-1.0190324462632598,0
1.0,1.4710214538480946,-1.10063285176408,0
1.0,1.5675157394068004,-1.091675680470394,0
1.0,1.6064150634647336,-1.191398608306052,0
1.0,0.92968117317807,0.5564096079935327,0
1.0,0.9943733839053599,0.6347771908059432,0
1.0,1.056856311256797,0.7122279816114663,0
1.0,1.113689590842537,0.7861793293564018,0
1.0,1.17517897211649,0.873307275310511,0
1.0,1.252431857278716,0.9266897559055779,0
1.0,1.266041994625445,1.00850736290665,0
1.0,1.318783576629157,1.0857116179684,0
1.0,1.389295997161389,1.145426465030106,0
1.0,1.456244620533568,1.226298626173923,0
1.0,1.546020907038911,1.268786567945367,0
1.0,1.528003154525358,1.173614760301,0
1.0,0.8819212639518064,0.4713967375678881,0
1.0,0.8819212639518061,-0.4713967375678885,0
1.0,0.9296811731780698,-0.5564096079935331,0
1.0,0.9943733839053597,-0.6347771908059436,0
1.0,1.0568563112567966,-0.7122279816114667,0
1.0,1.1136895908425366,-0.7861793293564024,0
1.0,1.1751789721164896,-0.8733072753105117,0
1.0,1.2524318572787156,-0.9266897559055786,0
1.0,1.2660419946254446,-1.0085073629066506,0
1.0,1.3187835766291565,-1.085711617968401,0
1.0,1.3892959971613885,-1.145426465030107,0
1.0,1.4562446205335675,-1.226298626173924,0
1.0,1.5460209070389106,-1.2687865679453678,0
1.0,1.5280031545253576,-1.173614760301001,0
1.0,0.8314696119998113,0.5555702334726755,0
1.0,0.8796881320043783,0.6461747345790936,0
1.0,0.9625845532754309,0.7277057816133238,0
1.0,1.028738626910284,0.7989842926164216,0
1.0,1.09113838606884,0.8638623024524786,0
1.0,1.096248656236486,0.951696733857137,0
1.0,1.188504705318709,0.9559568441791029,0
1.0,1.157296276790854,1.034940695012628,0
1.0,1.227290960930341,1.106297295520123,0
1.0,1.298739571986705,1.176443928556661,0
1.0,1.364153519889213,1.245626604323843,0
1.0,1.412610623933385,1.310256438271357,0
1.0,1.481902250840829,1.343117909549599,0
1.0,0.8314696119998111,-0.555570233472676,0
1.0,0.8796881320043781,-0.646174734579094,0
1.0,0.9625845532754305,-0.7277057816133242,0
1.0,1.0287386269102836,-0.798984292616422,0
1.0,1.0911383860688395,-0.8638623024524793,0
1.0,1.0962486562364855,-0.9516967338571377,0
1.0,1.1885047053187086,-0.9559568441791035,0
1.0,1.1572962767908535,-1.0349406950126285,0
1.0,1.2272909609303406,-1.1062972955201233,0
1.0,1.2987395719867045,-1.1764439285566615,0
1.0,1.3641535198892125,-1.245626604323844,0
1.0,1.4126106239333847,-1.310256438271358,0
1.0,1.4819022508408286,-1.3431179095496,0
1.0,0.773010453243687,0.6343932843087082,0
1.0,0.8100549756775012,0.7049443430595004,0
1.0,0.8744100419336953,0.7519355547949728,0
1.0,0.9423659715343626,0.824063997633514,0
1.0,1.011125800343335,0.8909777622334019,0
1.0,0.9899494936603924,0.9899494936603923,0
1.0,1.060660171778835,1.060660171778834,0
1.0,1.131370849897643,1.131370849897643,0
1.0,1.202081528016508,1.202081528016508,0
1.0,1.272792206135378,1.272792206135378,0
1.0,1.343502884254265,1.343502884254264,0
1.0,1.414213562373095,1.414213562373095,0
1.0,0.7730104532436868,-0.6343932843087087,0
1.0,0.8100549756775007,-0.7049443430595008,0
1.0,0.8744100419336949,-0.7519355547949732,0
1.0,0.9423659715343622,-0.8240639976335145,0
1.0,1.0111258003433345,-0.8909777622334023,0
1.0,0.989949493660392,-0.9899494936603928,0
1.0,1.0606601717788346,-1.0606601717788344,0
1.0,1.1313708498976425,-1.1313708498976434,0
1.0,1.2020815280165076,-1.2020815280165085,0
1.0,1.2727922061353776,-1.2727922061353785,0
1.0,1.3435028842542645,-1.343502884254265,0
1.0,1.414213562373094,-1.4142135623730958,0
1.0,0.7071067811865476,0.7071067811865475,0
1.0,0.7778174593051199,0.7778174593051198,0
1.0,0.8485281374235492,0.848528137423549,0
1.0,0.9192388155419372,0.9192388155419371,0
1.0,0.8909777622334021,1.0111258003433348,0
1.0,0.9516967338571372,1.096248656236486,0
1.0,1.0349406950126285,1.1572962767908537,0
1.0,1.1062972955201231,1.227290960930341,0
1.0,1.1764439285566612,1.2987395719867048,0
1.0,1.2456266043238435,1.3641535198892127,0
1.0,1.3102564382713575,1.4126106239333849,0
1.0,1.3431179095495993,1.4819022508408288,0
1.0,0.7071067811865471,-0.7071067811865479,0
1.0,0.7778174593051195,-0.7778174593051203,0
1.0,0.8485281374235487,-0.8485281374235495,0
1.0,0.9192388155419368,-0.9192388155419375,0
1.0,0.8909777622334016,-1.0111258003433352,0
1.0,0.9516967338571367,-1.0962486562364864,0
1.0,1.034940695012628,-1.1572962767908541,0
1.0,1.1062972955201227,-1.2272909609303415,0
1.0,1.1764439285566608,-1.2987395719867052,0
1.0,1.245626604323843,-1.3641535198892132,0
1.0,1.3102564382713566,-1.4126106239333858,0
1.0,1.3431179095495984,-1.4819022508408297,0
1.0,0.7049443430595005,0.8100549756775011,0
1.0,0.7519355547949729,0.8744100419336952,0
1.0,0.8240639976335142,0.9423659715343625,0
1.0,0.7989842926164217,1.028738626910284,0
1.0,0.8638623024524787,1.09113838606884,0
1.0,0.8733072753105111,1.1751789721164898,0
1.0,0.9559568441791033,1.1885047053187088,0
1.0,1.0085073629066503,1.2660419946254449,0
1.0,1.0857116179684005,1.3187835766291567,0
1.0,1.1454264650301063,1.3892959971613887,0
1.0,1.2262986261739233,1.4562446205335677,0
1.0,1.2687865679453676,1.5460209070389108,0
1.0,0.6343932843087086,0.7730104532436869,0
1.0,0.7049443430595,-0.8100549756775015,0
1.0,0.7519355547949724,-0.8744100419336956,0
1.0,0.8240639976335138,-0.942365971534363,0
1.0,0.7989842926164212,-1.0287386269102845,0
1.0,0.8638623024524783,-1.0911383860688404,0
1.0,0.8733072753105104,-1.1751789721164903,0
1.0,0.9559568441791026,-1.1885047053187092,0
1.0,1.0085073629066499,-1.2660419946254453,0
1.0,1.0857116179684,-1.3187835766291571,0
1.0,1.1454264650301054,-1.3892959971613892,0
1.0,1.2262986261739224,-1.4562446205335682,0
1.0,1.2687865679453667,-1.5460209070389113,0
1.0,0.6343932843087081,-0.7730104532436873,0
1.0,0.6461747345790938,0.8796881320043782,0
1.0,0.7277057816133241,0.9625845532754308,0
1.0,0.7122279816114665,1.0568563112567968,0
1.0,0.7861793293564019,1.113689590842537,0
1.0,0.775773990524671,1.2121587939676859,0
1.0,0.8537296234578964,1.275137678856547,0
1.0,0.9354426664762647,1.3286121813370668,0
1.0,1.0190324462632592,1.385866027086449,0
1.0,1.1006328517640793,1.4710214538480948,0
1.0,1.1736147603010003,1.5280031545253578,0
1.0,1.1913986083060513,1.6064150634647338,0
1.0,0.9266897559055782,1.252431857278716,0
1.0,0.5555702334726758,0.8314696119998112,0
1.0,0.6461747345790934,-0.8796881320043787,0
1.0,0.7277057816133237,-0.9625845532754312,0
1.0,0.712227981611466,-1.0568563112567972,0
1.0,0.7861793293564014,-1.1136895908425375,0
1.0,0.7757739905246703,-1.2121587939676863,0
1.0,0.8537296234578957,-1.2751376788565474,0
1.0,0.9354426664762641,-1.3286121813370673,0
1.0,1.0190324462632583,-1.3858660270864493,0
1.0,1.1006328517640784,-1.4710214538480952,0
1.0,1.1736147603009994,-1.5280031545253583,0
1.0,1.1913986083060504,-1.6064150634647343,0
1.0,0.9266897559055776,-1.2524318572787165,0
1.0,0.5555702334726753,-0.8314696119998114,0
1.0,0.6347771908059434,0.9943733839053599,0
1.0,0.6201028128384851,1.094742016863645,0
1.0,0.6960122856690514,1.1545585286252,0
1.0,0.6854788714952862,1.252370216269532,0
1.0,0.7652989106939978,1.3104884896423998,0
1.0,0.8451191547724257,1.3686663574506697,0
1.0,0.9249360406674272,1.4268392297136279,0
1.0,1.0052269820126831,1.487192823862205,0
1.0,1.0916756804703933,1.5675157394068007,0
1.0,1.1111404651190102,1.662939225219945,0
1.0,0.5564096079935329,0.9296811731780699,0
1.0,0.47139673756788825,0.8819212639518064,0
1.0,0.634777190805943,-0.9943733839053603,0
1.0,0.6201028128384847,-1.0947420168636455,0
1.0,0.6960122856690507,-1.1545585286252005,0
1.0,0.6854788714952855,-1.2523702162695325,0
1.0,0.7652989106939971,-1.3104884896424003,0
1.0,0.845119154772425,-1.3686663574506701,0
1.0,0.9249360406674265,-1.4268392297136283,0
1.0,1.0052269820126822,-1.4871928238622054,0
1.0,1.0916756804703924,-1.5675157394068011,0
1.0,1.1111404651190093,-1.6629392252199455,0
1.0,0.5564096079935325,-0.9296811731780701,0
1.0,0.4713967375678878,-0.8819212639518066,0
1.0,0.5428645879892382,1.0325009855414788,0
1.0,0.528466981475165,1.1353968377537749,0
1.0,0.6062678494800464,1.194766054099257,0
1.0,0.5953334383396665,1.292528702611174,0
1.0,0.6750212816923145,1.350493084598508,0
1.0,0.7548166110252068,1.408699502692552,0
1.0,0.8346256566344639,1.466839941415621,0
1.0,0.914482871274944,1.5248664263720109,0
1.0,0.9876154922038807,1.586689679729873,0
1.0,1.0397435851722414,1.641934549656702,0
1.0,1.0282054872199975,1.715457220699685,0
1.0,0.46248379560330155,0.9770252446353351,0
1.0,0.38268343338444555,0.9238795320890558,0
1.0,0.5428645879892378,-1.0325009855414793,0
1.0,0.5284669814751646,-1.1353968377537753,0
1.0,0.6062678494800458,-1.1947660540992575,0
1.0,0.5953334383396658,-1.2925287026111745,0
1.0,0.6750212816923138,-1.3504930845985084,0
1.0,0.7548166110252061,-1.4086995026925524,0
1.0,0.8346256566344632,-1.4668399414156215,0
1.0,0.9144828712749433,-1.5248664263720113,0
1.0,0.98761549220388,-1.5866896797298735,0
1.0,1.0397435851722405,-1.6419345496567024,0
1.0,1.0282054872199966,-1.7154572206996854,0
1.0,0.4624837956033011,-0.9770252446353354,0
1.0,0.3826834333844451,-0.923879532089056,0
1.0,0.44986203015032,1.076169958945848,0
1.0,0.36718091848976364,1.018214227070709,0
1.0,0.29028467804812474,0.9569403354914541,0
1.0,0.4320719818385379,1.178148416504888,0
1.0,0.5154852189140626,1.2345719082036277,0
1.0,0.5053190063356234,1.3324240778686298,0
1.0,0.5849307182494412,1.3904623684803679,0
1.0,0.6646089995644744,1.4485028179269057,0
1.0,0.7443886984906205,1.5067784291527069,0
1.0,0.8230418156993926,1.5620514473099498,0
1.0,0.893345795067896,1.619995045560255,0
1.0,0.9609839431422551,1.673818225914184,0
1.0,0.9427934722314726,1.763842529455995,0
1.0,0.44986203015031945,-1.0761699589458484,0
1.0,0.3671809184897632,-1.018214227070709,0
1.0,0.2902846780481243,-0.9569403354914543,0
1.0,0.43207198183853734,-1.1781484165048886,0
1.0,0.515485218914062,-1.2345719082036282,0
1.0,0.5053190063356228,-1.3324240778686303,0
1.0,0.5849307182494405,-1.3904623684803683,0
1.0,0.6646089995644737,-1.4485028179269062,0
1.0,0.7443886984906198,-1.5067784291527073,0
1.0,0.8230418156993919,-1.5620514473099503,0
1.0,0.8933457950678951,-1.6199950455602554,0
1.0,0.9609839431422542,-1.6738182259141845,0
1.0,0.9427934722314717,-1.7638425294559954,0
1.0,0.3502012884175725,1.117643317326696,0
1.0,0.33756154203067634,1.2289303340491198,0
1.0,0.4258792832046663,1.274352806264894,0
1.0,0.4203758574892207,1.371676398858966,0
1.0,0.49486379573334394,1.4303421271094368,0
1.0,0.5744915403944622,1.4884725486475807,0
1.0,0.6540051475348005,1.546110973989721,0
1.0,0.7325823455244407,1.6016018440850397,0
1.0,0.8032765238903874,1.6592300048854358,0
1.0,0.8741998269580431,1.7149903303825957,0
1.0,0.8551101850607954,1.807978587098114,0
1.0,0.26333782824146135,1.051303538048058,0
1.0,0.19509032253251601,0.9807852803005145,0
1.0,0.3502012884175719,-1.117643317326696,0
1.0,0.3375615420306758,-1.2289303340491198,0
1.0,0.4258792832046656,-1.2743528062648943,0
1.0,0.42037585748922,-1.3716763988589664,0
1.0,0.49486379573334327,-1.4303421271094372,0
1.0,0.5744915403944615,-1.4884725486475812,0
1.0,0.6540051475347999,-1.5461109739897214,0
1.0,0.73258234552444,-1.6016018440850401,0
1.0,0.8032765238903865,-1.6592300048854363,0
1.0,0.8741998269580422,-1.7149903303825962,0
1.0,0.8551101850607945,-1.8079785870981144,0
1.0,0.2633378282414608,-1.051303538048058,0
1.0,0.19509032253251551,-0.9807852803005147,0
1.0,0.2566608740185472,1.1528165909814798,0
1.0,0.15902401788845433,1.0720528450615,0
1.0,0.09801714057395472,0.9951847266481263,0
1.0,0.24042059464892884,1.2414476660347469,0
1.0,0.2806641759483288,1.314957813393389,0
1.0,0.3257237132288322,1.405392237940101,0
1.0,0.4046964501706314,1.4701597004163347,0
1.0,0.4843729061305557,1.528363226454317,0
1.0,0.564147915086527,1.5865568463720718,0
1.0,0.6426181027478071,1.641962626483067,0
1.0,0.7136918965214651,1.6959348850083948,0
1.0,0.782797463571087,1.7608064769663838,0
1.0,0.7653668626837264,1.847759065870242,0
1.0,0.36025005206088245,1.318583496802182,0
1.0,0.25666087401854665,-1.1528165909814798,0
1.0,0.15902401788845383,-1.0720528450615,0
1.0,0.09801714057395425,-0.9951847266481263,0
1.0,0.24042059464892823,-1.2414476660347469,0
1.0,0.28066417594832815,-1.314957813393389,0
1.0,0.32572371322883154,-1.405392237940101,0
1.0,0.4046964501706307,-1.4701597004163351,0
1.0,0.48437290613055495,-1.5283632264543174,0
1.0,0.5641479150865263,-1.5865568463720723,0
1.0,0.6426181027478062,-1.6419626264830673,0
1.0,0.7136918965214643,-1.6959348850083953,0
1.0,0.7827974635710861,-1.7608064769663843,0
1.0,0.7653668626837256,-1.8477590658702425,0
1.0,0.3602500520608818,-1.318583496802182,0
1.0,0.16297923198218411,1.192128597840858,0
1.0,0.18048836312119687,1.305111184364716,0
1.0,0.23844180762570844,1.3787941514869049,0
1.0,0.24168543505676343,1.460032945359217,0
1.0,0.31507177135246733,1.511585444659045,0
1.0,0.39416423818101687,1.568313771636059,0
1.0,0.47328747373910574,1.626075731827656,0
1.0,0.5495238337509645,1.6818615073767609,0
1.0,0.6214937427072473,1.736426702230939,0
1.0,0.6943628389164411,1.791339166765126,0
1.0,0.6737797049072387,1.8830881310377148,0
1.0,0.07974471943189454,1.138169535355098,0
1.0,0.0673571755788609,1.061081421412945,0
1.0,2.220446049250313e-16,1.0,0
1.0,0.16297923198218356,-1.192128597840858,0
1.0,0.18048836312119626,-1.305111184364716,0
1.0,0.23844180762570777,-1.3787941514869049,0
1.0,0.2416854350567627,-1.460032945359217,0
1.0,0.31507177135246656,-1.511585444659045,0
1.0,0.3941642381810161,-1.5683137716360593,0
1.0,0.47328747373910496,-1.6260757318276564,0
1.0,0.5495238337509636,-1.6818615073767613,0
1.0,0.6214937427072464,-1.7364267022309394,0
1.0,0.6943628389164402,-1.7913391667651264,0
1.0,0.6737797049072378,-1.8830881310377152,0
1.0,0.07974471943189398,-1.138169535355098,0
1.0,0.0673571755788604,-1.061081421412945,0
1.0,-2.591808530679738e-16,-1.0,0
1.0,0.08289052327482116,1.24352230867251,0
1.0,2.220446049250313e-16,1.2,0
1.0,2.220446049250313e-16,1.1,0
1.0,-0.06735717557886052,1.061081421412945,0
1.0,-0.09801714057395436,0.9951847266481263,0
1.0,0.08433831125705371,1.3507194247696659,0
1.0,0.16364735077342019,1.408476576377102,0
1.0,0.16165122581677438,1.5044730602480558,0
1.0,0.23725829655479913,1.5566751362228457,0
1.0,0.3077495414211171,1.6089286424403089,0
1.0,0.3842632660637655,1.666623786722345,0
1.0,0.46325268322180624,1.7247352524043817,0
1.0,0.536339892399667,1.77273587352362,0
1.0,0.6034595543756618,1.82651423087776,0
1.0,0.5805693529613203,1.913880671933879,0
1.0,0.08289052327482055,-1.24352230867251,0
1.0,-3.554259446665748e-16,-1.2,0
1.0,-3.073033988672743e-16,-1.1,0
1.0,-0.06735717557886102,-1.061081421412945,0
1.0,-0.09801714057395483,-0.9951847266481263,0
1.0,0.08433831125705307,-1.3507194247696659,0
1.0,0.16364735077341952,-1.408476576377102,0
1.0,0.16165122581677366,-1.5044730602480558,0
1.0,0.2372582965547984,-1.5566751362228457,0
1.0,0.3077495414211163,-1.6089286424403089,0
1.0,0.3842632660637647,-1.6666237867223455,0
1.0,0.46325268322180546,-1.7247352524043822,0
1.0,0.5363398923996661,-1.7727358735236205,0
1.0,0.6034595543756609,-1.8265142308777604,0
1.0,0.5805693529613194,-1.9138806719338795,0
1.0,2.220446049250313e-16,1.3,0
1.0,2.220446049250313e-16,1.4,0
1.0,0.08429536869947185,1.4488943943617227,0
1.0,0.08250357530803565,1.551518084004158,0
1.0,0.16051732850815603,1.6012412251632901,0
1.0,0.23248501866979665,1.6541372794192313,0
1.0,0.2968206050300781,1.7066170073570297,0
1.0,0.3722983300550857,1.783485007023844,0
1.0,0.45776548864942024,1.806827967033843,0
1.0,0.5225440516929027,1.860049581218039,0
1.0,0.48596035859929376,1.940062506691485,0
1.0,-0.08289052327482072,1.24352230867251,0
1.0,-0.07974471943189414,1.138169535355098,0
1.0,-0.15902401788845394,1.0720528450615,0
1.0,-0.19509032253251565,0.9807852803005146,0
1.0,-4.035484904658753e-16,-1.3,0
1.0,-4.516710362651758e-16,-1.4,0
1.0,0.08429536869947116,-1.4488943943617227,0
1.0,0.0825035753080349,-1.551518084004158,0
1.0,0.16051732850815525,-1.6012412251632901,0
1.0,0.23248501866979587,-1.6541372794192313,0
1.0,0.29682060503007734,-1.7066170073570297,0
1.0,0.37229833005508484,-1.783485007023844,0
1.0,0.45776548864941935,-1.8068279670338434,0
1.0,0.5225440516929019,-1.8600495812180395,0
1.0,0.4859603585992929,-1.9400625066914854,0
1.0,-0.08289052327482133,-1.24352230867251,0
1.0,-0.07974471943189469,-1.138169535355098,0
1.0,-0.15902401788845444,-1.0720528450615,0
1.0,-0.19509032253251615,-0.9807852803005146,0
1.0,-0.08433831125705323,1.3507194247696659,0
1.0,-0.08429536869947134,1.4488943943617227,0
1.0,4.440892098500626e-16,1.5,0
1.0,4.440892098500626e-16,1.6,0
1.0,0.08519729104383766,1.65252241537249,0
1.0,0.1618229999218017,1.7024583727995832,0
1.0,0.22922049720106963,1.749933675951113,0
1.0,0.2882234301257436,1.794565286886676,0
1.0,0.3181243971097587,1.8777224958518008,0
1.0,0.4151469288695524,1.878135202151407,0
1.0,0.3901806429255861,1.961570561026591,0
1.0,-0.1629792319821837,1.192128597840858,0
1.0,-0.1804883631211964,1.305111184364716,0
1.0,-0.26333782824146096,1.051303538048058,0
1.0,-0.2566608740185468,1.1528165909814798,0
1.0,-0.2902846780481244,0.9569403354914542,0
1.0,-0.08433831125705386,-1.3507194247696659,0
1.0,-0.08429536869947203,-1.4488943943617227,0
1.0,-2.77748977139445e-16,-1.5,0
1.0,-3.2587152293874553e-16,-1.6,0
1.0,0.08519729104383686,-1.65252241537249,0
1.0,0.16182299992180088,-1.7024583727995832,0
1.0,0.2292204972010688,-1.749933675951113,0
1.0,0.2882234301257427,-1.794565286886676,0
1.0,0.3181243971097578,-1.8777224958518008,0
1.0,0.4151469288695515,-1.8781352021514075,0
1.0,0.3901806429255851,-1.9615705610265914,0
1.0,-0.16297923198218425,-1.192128597840858,0
1.0,-0.180488363121197,-1.305111184364716,0
1.0,-0.2633378282414615,-1.051303538048058,0
1.0,-0.25666087401854737,-1.1528165909814798,0
1.0,-0.29028467804812486,-0.9569403354914542,0
1.0,-0.1636473507734197,1.408476576377102,0
1.0,-0.23844180762570794,1.3787941514869049,0
1.0,-0.2806641759483284,1.314957813393389,0
1.0,-0.2404205946489284,1.2414476660347469,0
1.0,-0.3375615420306759,1.22893033404912,0
1.0,-0.3502012884175721,1.1176433173266962,0
1.0,-0.36718091848976325,1.0182142270707093,0
1.0,-0.3826834333844452,0.9238795320890559,0
1.0,-0.0825035753080351,1.551518084004158,0
1.0,-0.16165122581677385,1.5044730602480558,0
1.0,4.440892098500626e-16,1.7,0
1.0,0.08571313445160977,1.749755040065526,0
1.0,0.16730188206201269,1.798689198938693,0
1.0,0.2330284659964026,1.8401149508781456,0
1.0,0.2385982103642188,1.9182264878747737,0
1.0,0.293460948072348,1.978353020053923,0
1.0,-0.08519729104383707,1.65252241537249,0
1.0,-0.16364735077342035,-1.408476576377102,0
1.0,-0.2384418076257086,-1.3787941514869049,0
1.0,-0.28066417594832904,-1.314957813393389,0
1.0,-0.240420594648929,-1.2414476660347469,0
1.0,-0.33756154203067645,-1.22893033404912,0
1.0,-0.35020128841757264,-1.1176433173266962,0
1.0,-0.3671809184897637,-1.0182142270707093,0
1.0,-0.38268343338444566,-0.9238795320890557,0
1.0,-0.08250357530803584,-1.551518084004158,0
1.0,-0.16165122581677457,-1.5044730602480558,0
1.0,-3.7399406873804604e-16,-1.7,0
1.0,0.08571313445160894,-1.749755040065526,0
1.0,0.1673018820620118,-1.798689198938693,0
1.0,0.2330284659964017,-1.8401149508781456,0
1.0,0.23859821036421786,-1.9182264878747737,0
1.0,0.293460948072347,-1.978353020053923,0
1.0,-0.08519729104383787,-1.65252241537249,0
1.0,-0.2416854350567629,1.460032945359217,0
1.0,-0.3257237132288317,1.4053922379401012,0
1.0,-0.36025005206088195,1.3185834968021821,0
1.0,-0.42587928320466584,1.2743528062648941,0
1.0,-0.43207198183853746,1.1781484165048883,0
1.0,-0.4498620301503196,1.0761699589458482,0
1.0,-0.4624837956033012,0.9770252446353352,0
1.0,-0.4713967375678879,0.8819212639518066,0
1.0,-0.16051732850815545,1.6012412251632901,0
1.0,-0.23725829655479858,1.5566751362228457,0
1.0,4.440892098500626e-16,1.7999999999999998,0
1.0,0.08381034566569956,1.8453933398722742,0
1.0,0.1567023791156119,1.9015525597658203,0
1.0,0.19603428012639057,1.990369453396863,0
1.0,-0.08571313445160915,1.749755040065526,0
1.0,-0.1618229999218011,1.7024583727995832,0
1.0,-0.24168543505676363,-1.460032945359217,0
1.0,-0.32572371322883237,-1.4053922379401012,0
1.0,-0.3602500520608826,-1.3185834968021821,0
1.0,-0.4258792832046665,-1.2743528062648941,0
1.0,-0.432071981838538,-1.1781484165048883,0
1.0,-0.44986203015032017,-1.0761699589458482,0
1.0,-0.46248379560330166,-0.977025244635335,0
1.0,-0.47139673756788836,-0.8819212639518064,0
1.0,-0.16051732850815623,-1.6012412251632901,0
1.0,-0.2372582965547993,-1.5566751362228457,0
1.0,-4.2211661453734645e-16,-1.7999999999999998,0
1.0,0.08381034566569867,-1.8453933398722742,0
1.0,0.15670237911561102,-1.9015525597658203,0
1.0,0.19603428012638963,-1.990369453396863,0
1.0,-0.08571313445160998,-1.749755040065526,0
1.0,-0.16182299992180194,-1.7024583727995832,0
1.0,-0.3150717713524668,1.5115854446590453,0
1.0,-0.30774954142111655,1.6089286424403089,0
1.0,-0.23248501866979607,1.6541372794192313,0
1.0,-0.229220497201069,1.749933675951113,0
1.0,-0.16730188206201205,1.798689198938693,0
1.0,-0.0838103456656989,1.8453933398722742,0
1.0,4.440892098500626e-16,1.9000000000000001,0
1.0,0.0723753387308328,1.9253577638968067,0
1.0,0.09813534844740723,1.997590912420535,0
1.0,-0.40469645017063083,1.470159700416335,0
1.0,-0.4203758574892202,1.3716763988589662,0
1.0,-0.505319006335623,1.33242407786863,0
1.0,-0.5154852189140622,1.234571908203628,0
1.0,-0.5284669814751646,1.135396837753775,0
1.0,-0.5428645879892379,1.032500985541479,0
1.0,-0.5564096079935326,0.9296811731780701,0
1.0,-0.5555702334726754,0.8314696119998114,0
1.0,-0.31507177135246756,-1.5115854446590453,0
1.0,-0.3077495414211173,-1.6089286424403089,0
1.0,-0.23248501866979684,-1.6541372794192313,0
1.0,-0.22922049720106982,-1.749933675951113,0
1.0,-0.16730188206201294,-1.798689198938693,0
1.0,-0.08381034566569978,-1.8453933398722742,0
1.0,-4.702391603366471e-16,-1.9000000000000001,0
1.0,0.07237533873083188,-1.9253577638968067,0
1.0,0.09813534844740626,-1.997590912420535,0
1.0,-0.4046964501706315,-1.470159700416335,0
1.0,-0.42037585748922085,-1.3716763988589662,0
1.0,-0.5053190063356237,-1.33242407786863,0
1.0,-0.5154852189140628,-1.234571908203628,0
1.0,-0.528466981475165,-1.135396837753775,0
1.0,-0.5428645879892383,-1.0325009855414786,0
1.0,-0.556409607993533,-0.9296811731780699,0
1.0,-0.5555702334726759,-0.8314696119998112,0
1.0,-0.3941642381810163,1.5683137716360591,0
1.0,-0.3842632660637649,1.6666237867223452,0
1.0,-0.2968206050300775,1.7066170073570297,0
1.0,-0.2882234301257429,1.794565286886676,0
1.0,-0.23302846599640192,1.8401149508781456,0
1.0,-0.15670237911561122,1.9015525597658203,0
1.0,-0.0723753387308321,1.9253577638968067,0
1.0,4.440892098500626e-16,2.0,0
1.0,-0.48437290613055517,1.5283632264543172,0
1.0,-0.49486379573334344,1.430342127109437,0
1.0,-0.5849307182494408,1.390462368480368,0
1.0,-0.595333438339666,1.2925287026111743,0
1.0,-0.606267849480046,1.1947660540992573,0
1.0,-0.6201028128384847,1.0947420168636453,0
1.0,-0.6347771908059431,0.9943733839053601,0
1.0,-0.6461747345790935,0.8796881320043785,0
1.0,-0.6343932843087083,0.7730104532436871,0
1.0,-0.3941642381810171,-1.5683137716360591,0
1.0,-0.38426326606376565,-1.6666237867223452,0
1.0,-0.2968206050300783,-1.7066170073570297,0
1.0,-0.2882234301257438,-1.794565286886676,0
1.0,-0.2330284659964028,-1.8401149508781456,0
1.0,-0.1567023791156121,-1.9015525597658203,0
1.0,-0.07237533873083302,-1.9253577638968067,0
1.0,-5.183617061359476e-16,-2.0,0
1.0,-0.48437290613055595,-1.5283632264543172,0
1.0,-0.4948637957333441,-1.430342127109437,0
1.0,-0.5849307182494414,-1.3904623684803676,0
1.0,-0.5953334383396667,-1.2925287026111738,0
1.0,-0.6062678494800466,-1.1947660540992568,0
1.0,-0.6201028128384851,-1.0947420168636448,0
1.0,-0.6347771908059435,-0.9943733839053599,0
1.0,-0.6461747345790939,-0.8796881320043782,0
1.0,-0.6343932843087088,-0.7730104532436869,0
1.0,-0.4732874737391051,1.6260757318276562,0
1.0,-0.46325268322180563,1.724735252404382,0
1.0,-0.37229833005508506,1.7834850070238442,0
1.0,-0.31812439710975804,1.877722495851801,0
1.0,-0.2385982103642181,1.9182264878747737,0
1.0,-0.19603428012638985,1.990369453396863,0
1.0,-0.09813534844740651,1.997590912420535,0
1.0,-0.5641479150865264,1.586556846372072,0
1.0,-0.5744915403944616,1.488472548647581,0
1.0,-0.6646089995644738,1.448502817926906,0
1.0,-0.675021281692314,1.3504930845985081,0
1.0,-0.6854788714952857,1.2523702162695323,0
1.0,-0.6960122856690509,1.1545585286252003,0
1.0,-0.7122279816114662,1.056856311256797,0
1.0,-0.7277057816133238,0.962584553275431,0
1.0,-0.7519355547949725,0.8744100419336954,0
1.0,-0.7049443430595002,0.8100549756775013,0
1.0,-0.7071067811865474,0.7071067811865477,0
1.0,-0.4732874737391059,-1.6260757318276562,0
1.0,-0.4632526832218064,-1.724735252404382,0
1.0,-0.37229833005508595,-1.7834850070238442,0
1.0,-0.3181243971097589,-1.877722495851801,0
1.0,-0.23859821036421905,-1.9182264878747737,0
1.0,-0.1960342801263908,-1.990369453396863,0
1.0,-0.09813534844740748,-1.997590912420535,0
1.0,-0.5641479150865271,-1.5865568463720716,0
1.0,-0.5744915403944623,-1.4884725486475805,0
1.0,-0.6646089995644745,-1.4485028179269055,0
1.0,-0.6750212816923147,-1.3504930845985077,0
1.0,-0.6854788714952864,-1.2523702162695318,0
1.0,-0.6960122856690516,-1.1545585286251998,0
1.0,-0.7122279816114666,-1.0568563112567966,0
1.0,-0.7277057816133242,-0.9625845532754308,0
1.0,-0.751935554794973,-0.8744100419336952,0
1.0,-0.7049443430595006,-0.8100549756775011,0
1.0,-0.7071067811865478,-0.7071067811865475,0
1.0,-0.5495238337509639,1.681861507376761,0
1.0,-0.5363398923996663,1.7727358735236203,0
1.0,-0.45776548864941957,1.8068279670338432,0
1.0,-0.41514692886955173,1.8781352021514073,0
1.0,-0.39018064292558535,1.9615705610265912,0
1.0,-0.2934609480723473,1.978353020053923,0
1.0,-0.6426181027478065,1.6419626264830671,0
1.0,-0.6540051475348,1.5461109739897212,0
1.0,-0.74438869849062,1.506778429152707,0
1.0,-0.7548166110252063,1.4086995026925522,0
1.0,-0.7652989106939974,1.3104884896424,0
1.0,-0.7757739905246706,1.212158793967686,0
1.0,-0.7861793293564014,1.1136895908425373,0
1.0,-0.7989842926164213,1.0287386269102843,0
1.0,-0.8240639976335139,0.9423659715343629,0
1.0,-0.8485281374235488,0.8485281374235494,0
1.0,-0.7778174593051196,0.7778174593051201,0
1.0,-0.810054975677501,0.7049443430595007,0
1.0,-0.7730104532436868,0.6343932843087084,0
1.0,-0.5495238337509648,-1.6818615073767607,0
1.0,-0.5363398923996672,-1.7727358735236203,0
1.0,-0.45776548864942046,-1.8068279670338432,0
1.0,-0.4151469288695526,-1.8781352021514073,0
1.0,-0.39018064292558635,-1.9615705610265912,0
1.0,-0.2934609480723483,-1.978353020053923,0
1.0,-0.6426181027478074,-1.6419626264830667,0
1.0,-0.6540051475348007,-1.5461109739897207,0
1.0,-0.7443886984906206,-1.5067784291527067,0
1.0,-0.7548166110252069,-1.4086995026925517,0
1.0,-0.765298910693998,-1.3104884896423996,0
1.0,-0.7757739905246712,-1.2121587939676857,0
1.0,-0.7861793293564019,-1.1136895908425368,0
1.0,-0.7989842926164218,-1.0287386269102838,0
1.0,-0.8240639976335143,-0.9423659715343624,0
1.0,-0.8485281374235493,-0.8485281374235489,0
1.0,-0.77781745930512,-0.7778174593051197,0
1.0,-0.8100549756775014,-0.7049443430595003,0
1.0,-0.773010453243687,-0.634393284308708,0
1.0,-0.6214937427072467,1.7364267022309392,0
1.0,-0.6034595543756611,1.8265142308777602,0
1.0,-0.5225440516929021,1.8600495812180393,0
1.0,-0.48596035859929304,1.9400625066914852,0
1.0,-0.7325823455244401,1.60160184408504,0
1.0,-0.823041815699392,1.56205144730995,0
1.0,-0.8346256566344633,1.4668399414156212,0
1.0,-0.8451191547724253,1.36866635745067,0
1.0,-0.8537296234578959,1.2751376788565472,0
1.0,-0.8733072753105107,1.17517897211649,0
1.0,-0.8638623024524783,1.0911383860688402,0
1.0,-0.8909777622334017,1.011125800343335,0
1.0,-0.9192388155419369,0.9192388155419374,0
1.0,-0.9423659715343623,0.8240639976335143,0
1.0,-0.8744100419336951,0.7519355547949731,0
1.0,-0.8796881320043781,0.6461747345790939,0
1.0,-0.8314696119998111,0.5555702334726759,0
1.0,-0.7136918965214646,1.695934885008395,0
1.0,-0.6214937427072476,-1.7364267022309388,0
1.0,-0.603459554375662,-1.8265142308777598,0
1.0,-0.522544051692903,-1.8600495812180393,0
1.0,-0.48596035859929393,-1.9400625066914852,0
1.0,-0.7325823455244408,-1.6016018440850395,0
1.0,-0.8230418156993927,-1.5620514473099496,0
1.0,-0.834625656634464,-1.4668399414156208,0
1.0,-0.8451191547724259,-1.3686663574506694,0
1.0,-0.8537296234578966,-1.2751376788565467,0
1.0,-0.8733072753105113,-1.1751789721164896,0
1.0,-0.8638623024524787,-1.0911383860688397,0
1.0,-0.8909777622334022,-1.0111258003433345,0
1.0,-0.9192388155419373,-0.919238815541937,0
1.0,-0.9423659715343627,-0.8240639976335139,0
1.0,-0.8744100419336955,-0.7519355547949726,0
1.0,-0.8796881320043783,-0.6461747345790935,0
1.0,-0.8314696119998113,-0.5555702334726754,0
1.0,-0.7136918965214655,-1.6959348850083946,0
1.0,-0.6943628389164405,1.7913391667651262,0
1.0,-0.673779704907238,1.883088131037715,0
1.0,-0.5805693529613196,1.9138806719338792,0
1.0,-0.8032765238903868,1.659230004885436,0
1.0,-0.7827974635710864,1.760806476966384,0
1.0,-0.9144828712749434,1.524866426372011,0
1.0,-0.9249360406674266,1.426839229713628,0
1.0,-0.9354426664762643,1.3286121813370673,0
1.0,-0.9266897559055778,1.2524318572787163,0
1.0,-0.9559568441791029,1.1885047053187092,0
1.0,-0.9516967338571367,1.0962486562364864,0
1.0,-0.9899494936603921,0.9899494936603926,0
1.0,-1.0111258003433348,0.8909777622334022,0
1.0,-1.0287386269102838,0.7989842926164219,0
1.0,-0.9625845532754307,0.7277057816133241,0
1.0,-0.9943733839053597,0.6347771908059435,0
1.0,-0.9296811731780698,0.556409607993533,0
1.0,-0.8819212639518061,0.4713967375678884,0
1.0,-0.8933457950678955,1.6199950455602552,0
1.0,-0.6943628389164413,-1.7913391667651257,0
1.0,-0.6737797049072389,-1.8830881310377146,0
1.0,-0.5805693529613205,-1.9138806719338788,0
1.0,-0.8032765238903877,-1.6592300048854356,0
1.0,-0.7827974635710873,-1.7608064769663836,0
1.0,-0.9144828712749441,-1.5248664263720106,0
1.0,-0.9249360406674273,-1.4268392297136276,0
1.0,-0.935442666476265,-1.3286121813370668,0
1.0,-0.9266897559055784,-1.2524318572787159,0
1.0,-0.9559568441791035,-1.1885047053187088,0
1.0,-0.9516967338571372,-1.096248656236486,0
1.0,-0.9899494936603925,-0.9899494936603922,0
1.0,-1.0111258003433352,-0.8909777622334017,0
1.0,-1.0287386269102843,-0.7989842926164215,0
1.0,-0.9625845532754311,-0.7277057816133237,0
1.0,-0.9943733839053599,-0.6347771908059431,0
1.0,-0.92968117317807,-0.5564096079935326,0
1.0,-0.8819212639518064,-0.4713967375678881,0
1.0,-0.8933457950678964,-1.6199950455602548,0
1.0,-0.7653668626837258,1.8477590658702423,0
1.0,-0.8551101850607947,1.8079785870981142,0
1.0,-0.8741998269580424,1.714990330382596,0
1.0,-0.9609839431422545,1.6738182259141845,0
1.0,-0.9876154922038801,1.5866896797298735,0
1.0,-1.0052269820126827,1.4871928238622054,0
1.0,-1.0190324462632587,1.3858660270864493,0
1.0,-1.0085073629066499,1.2660419946254453,0
1.0,-1.034940695012628,1.1572962767908541,0
1.0,-1.0606601717788346,1.0606601717788344,0
1.0,-1.0962486562364855,0.9516967338571375,0
1.0,-1.0911383860688397,0.8638623024524791,0
1.0,-1.1136895908425368,0.7861793293564022,0
1.0,-1.0568563112567968,0.7122279816114666,0
1.0,-1.0947420168636448,0.6201028128384853,0
1.0,-1.0325009855414788,0.5428645879892382,0
1.0,-0.9770252446353349,0.4624837956033016,0
1.0,-0.9238795320890557,0.38268343338444566,0
1.0,-0.7653668626837267,-1.8477590658702419,0
1.0,-0.8551101850607956,-1.8079785870981138,0
1.0,-0.8741998269580433,-1.7149903303825955,0
1.0,-0.9609839431422554,-1.673818225914184,0
1.0,-0.9876154922038808,-1.586689679729873,0
1.0,-1.0052269820126836,-1.487192823862205,0
1.0,-1.0190324462632596,-1.385866027086449,0
1.0,-1.0085073629066503,-1.2660419946254449,0
1.0,-1.0349406950126285,-1.1572962767908537,0
1.0,-1.060660171778835,-1.060660171778834,0
1.0,-1.096248656236486,-0.951696733857137,0
1.0,-1.0911383860688402,-0.8638623024524786,0
1.0,-1.1136895908425373,-0.7861793293564018,0
1.0,-1.0568563112567972,-0.7122279816114662,0
1.0,-1.0947420168636453,-0.6201028128384849,0
1.0,-1.0325009855414793,-0.5428645879892378,0
1.0,-0.9770252446353351,-0.46248379560330116,0
1.0,-0.9238795320890559,-0.3826834333844452,0
1.0,-0.9427934722314719,1.7638425294559954,0
1.0,-1.0282054872199968,1.7154572206996854,0
1.0,-1.0397435851722407,1.6419345496567024,0
1.0,-1.0916756804703927,1.5675157394068011,0
1.0,-1.1006328517640789,1.4710214538480952,0
1.0,-1.1454264650301058,1.3892959971613892,0
1.0,-1.0857116179684,1.3187835766291571,0
1.0,-1.1062972955201227,1.2272909609303415,0
1.0,-1.1313708498976425,1.1313708498976434,0
1.0,-1.1572962767908535,1.0349406950126285,0
1.0,-1.1885047053187086,0.9559568441791033,0
1.0,-1.1751789721164898,0.8733072753105114,0
1.0,-1.2121587939676859,0.7757739905246712,0
1.0,-1.1545585286251998,0.6960122856690517,0
1.0,-1.1947660540992568,0.6062678494800466,0
1.0,-1.1353968377537749,0.5284669814751652,0
1.0,-1.0761699589458478,0.4498620301503201,0
1.0,-1.0182142270707089,0.3671809184897638,0
1.0,-0.956940335491454,0.29028467804812486,0
1.0,-0.9427934722314728,-1.763842529455995,0
1.0,-1.0282054872199977,-1.715457220699685,0
1.0,-1.0397435851722416,-1.641934549656702,0
1.0,-1.0916756804703935,-1.5675157394068007,0
1.0,-1.1006328517640798,-1.4710214538480948,0
1.0,-1.1454264650301067,-1.3892959971613887,0
1.0,-1.0857116179684005,-1.3187835766291567,0
1.0,-1.1062972955201231,-1.227290960930341,0
1.0,-1.131370849897643,-1.131370849897643,0
1.0,-1.157296276790854,-1.034940695012628,0
1.0,-1.188504705318709,-0.9559568441791029,0
1.0,-1.1751789721164903,-0.873307275310511,0
1.0,-1.2121587939676863,-0.7757739905246708,0
1.0,-1.1545585286252003,-0.6960122856690513,0
1.0,-1.1947660540992573,-0.6062678494800462,0
1.0,-1.1353968377537753,-0.5284669814751648,0
1.0,-1.0761699589458478,-0.44986203015031967,0
1.0,-1.0182142270707089,-0.36718091848976336,0
1.0,-0.9569403354914542,-0.2902846780481244,0
1.0,-1.1111404651190095,1.6629392252199455,0
1.0,-1.1913986083060506,1.6064150634647343,0
1.0,-1.1736147603009999,1.5280031545253583,0
1.0,-1.2262986261739228,1.4562446205335682,0
1.0,-1.245626604323843,1.3641535198892132,0
1.0,-1.1764439285566608,1.2987395719867052,0
1.0,-1.2020815280165076,1.2020815280165085,0
1.0,-1.2272909609303406,1.1062972955201233,0
1.0,-1.2660419946254446,1.0085073629066506,0
1.0,-1.2524318572787159,0.9266897559055783,0
1.0,-1.2751376788565467,0.8537296234578965,0
1.0,-1.3104884896423998,0.7652989106939981,0
1.0,-1.2523702162695318,0.6854788714952864,0
1.0,-1.2925287026111738,0.5953334383396666,0
1.0,-1.2345719082036277,0.5154852189140628,0
1.0,-1.1781484165048879,0.43207198183853807,0
1.0,-1.1176433173266958,0.3502012884175727,0
1.0,-1.051303538048058,0.26333782824146157,0
1.0,-0.9807852803005145,0.19509032253251607,0
1.0,-1.1111404651190104,-1.662939225219945,0
1.0,-1.1913986083060515,-1.6064150634647338,0
1.0,-1.1736147603010008,-1.5280031545253578,0
1.0,-1.2262986261739237,-1.4562446205335677,0
1.0,-1.2456266043238435,-1.3641535198892127,0
1.0,-1.1764439285566612,-1.2987395719867048,0
1.0,-1.202081528016508,-1.202081528016508,0
1.0,-1.227290960930341,-1.106297295520123,0
1.0,-1.266041994625445,-1.00850736290665,0
1.0,-1.2524318572787163,-0.9266897559055777,0
1.0,-1.2751376788565472,-0.8537296234578958,0
1.0,-1.3104884896424003,-0.7652989106939975,0
1.0,-1.2523702162695323,-0.6854788714952857,0
1.0,-1.2925287026111743,-0.5953334383396659,0
1.0,-1.2345719082036282,-0.5154852189140622,0
1.0,-1.1781484165048879,-0.4320719818385375,0
1.0,-1.1176433173266958,-0.35020128841757214,0
1.0,-1.051303538048058,-0.2633378282414611,0
1.0,-0.9807852803005145,-0.19509032253251557,0
1.0,-1.2687865679453671,1.5460209070389113,0
1.0,-1.3431179095495989,1.4819022508408293,0
1.0,-1.310256438271357,1.4126106239333853,0
1.0,-1.3435028842542645,1.3435028842542645,0
1.0,-1.2727922061353776,1.2727922061353785,0
1.0,-1.2987395719867045,1.1764439285566615,0
1.0,-1.3187835766291565,1.0857116179684005,0
1.0,-1.3858660270864485,1.0190324462632594,0
1.0,-1.3286121813370666,0.9354426664762648,0
1.0,-1.3686663574506697,0.8451191547724262,0
1.0,-1.4086995026925517,0.754816611025207,0
1.0,-1.3504930845985077,0.6750212816923148,0
1.0,-1.3904623684803679,0.5849307182494414,0
1.0,-1.3324240778686298,0.5053190063356237,0
1.0,-1.2743528062648937,0.42587928320466656,0
1.0,-1.2289303340491198,0.3375615420306766,0
1.0,-1.15281659098148,0.2566608740185475,0
1.0,-1.0720528450615,0.15902401788845458,0
1.0,-0.9951847266481262,0.0980171405739547,0
1.0,-1.268786567945368,-1.5460209070389108,0
1.0,-1.3431179095495998,-1.4819022508408288,0
1.0,-1.310256438271358,-1.4126106239333849,0
1.0,-1.343502884254265,-1.343502884254264,0
1.0,-1.272792206135378,-1.272792206135378,0
1.0,-1.298739571986705,-1.176443928556661,0
1.0,-1.318783576629157,-1.0857116179684,0
1.0,-1.385866027086449,-1.019032446263259,0
1.0,-1.328612181337067,-0.9354426664762642,0
1.0,-1.3686663574506701,-0.8451191547724255,0
1.0,-1.4086995026925522,-0.7548166110252064,0
1.0,-1.3504930845985081,-0.6750212816923141,0
1.0,-1.3904623684803683,-0.5849307182494408,0
1.0,-1.3324240778686303,-0.505319006335623,0
1.0,-1.2743528062648937,-0.425879283204666,0
1.0,-1.2289303340491198,-0.33756154203067607,0
1.0,-1.15281659098148,-0.2566608740185469,0
1.0,-1.0720528450615,-0.15902401788845402,0
1.0,-0.9951847266481262,-0.09801714057395423,0
1.0,-1.4142135623730945,1.4142135623730954,0
1.0,-1.4126106239333847,1.3102564382713575,0
1.0,-1.3641535198892125,1.2456266043238435,0
1.0,-1.3892959971613885,1.1454264650301065,0
1.0,-1.4710214538480946,1.1006328517640795,0
1.0,-1.4871928238622045,1.0052269820126833,0
1.0,-1.4268392297136279,0.9249360406674273,0
1.0,-1.4668399414156208,0.8346256566344642,0
1.0,-1.5067784291527069,0.7443886984906206,0
1.0,-1.4485028179269057,0.6646089995644745,0
1.0,-1.4884725486475807,0.5744915403944625,0
1.0,-1.4303421271094368,0.4948637957333443,0
1.0,-1.3716763988589658,0.4203758574892209,0
1.0,-1.3185834968021817,0.3602500520608827,0
1.0,-1.314957813393389,0.28066417594832904,0
1.0,-1.241447666034747,0.24042059464892895,0
1.0,-1.192128597840858,0.1629792319821843,0
1.0,-1.138169535355098,0.07974471943189475,0
1.0,-1.061081421412945,0.06735717557886096,0
1.0,-1.0,3.5876077807826975e-16,0
1.0,-1.061081421412945,-0.06735717557886046,0
1.0,-1.138169535355098,-0.07974471943189422,0
1.0,-1.192128597840858,-0.1629792319821837,0
1.0,-1.241447666034747,-0.24042059464892834,0
1.0,-1.314957813393389,-0.2806641759483285,0
1.0,-1.3185834968021817,-0.3602500520608821,0
1.0,-1.3716763988589658,-0.42037585748922024,0
1.0,-1.4303421271094372,-0.49486379573334366,0
1.0,-1.4884725486475812,-0.5744915403944618,0
1.0,-1.4485028179269062,-0.6646089995644738,0
1.0,-1.5067784291527073,-0.74438869849062,0
1.0,-1.4668399414156212,-0.8346256566344635,0
1.0,-1.4268392297136283,-0.9249360406674266,0
1.0,-1.487192823862205,-1.0052269820126825,0
1.0,-1.471021453848095,-1.1006328517640787,0
1.0,-1.389295997161389,-1.145426465030106,0
1.0,-1.364153519889213,-1.245626604323843,0
1.0,-1.412610623933385,-1.310256438271357,0
1.0,-1.4142135623730954,-1.414213562373095,0
1.0,-1.4819022508408286,1.3431179095495995,0
1.0,-1.4562446205335675,1.2262986261739235,0
1.0,-1.5280031545253576,1.1736147603010005,0
1.0,-1.5675157394068004,1.0916756804703938,0
1.0,-1.5866896797298726,0.987615492203881,0
1.0,-1.5248664263720109,0.9144828712749443,0
1.0,-1.5620514473099498,0.8230418156993926,0
1.0,-1.6016018440850397,0.732582345524441,0
1.0,-1.5461109739897207,0.6540051475348005,0
1.0,-1.5865568463720718,0.5641479150865271,0
1.0,-1.5283632264543168,0.48437290613055567,0
1.0,-1.4701597004163347,0.40469645017063177,0
1.0,-1.4053922379401007,0.3257237132288326,0
1.0,-1.378794151486905,0.2384418076257086,0
1.0,-1.305111184364716,0.18048836312119707,0
1.0,-1.24352230867251,0.08289052327482144,0
1.0,-1.2,4.3051293369392366e-16,0
1.0,-1.1,3.9463685588609675e-16,0
1.0,-1.24352230867251,-0.08289052327482085,0
1.0,-1.305111184364716,-0.1804883631211964,0
1.0,-1.378794151486905,-0.23844180762570794,0
1.0,-1.4053922379401007,-0.3257237132288319,0
1.0,-1.4701597004163347,-0.4046964501706311,0
1.0,-1.5283632264543172,-0.484372906130555,0
1.0,-1.5865568463720723,-0.5641479150865264,0
1.0,-1.5461109739897212,-0.6540051475347999,0
1.0,-1.6016018440850401,-0.7325823455244403,0
1.0,-1.5620514473099503,-0.8230418156993919,0
1.0,-1.5248664263720113,-0.9144828712749437,0
1.0,-1.586689679729873,-0.9876154922038803,0
1.0,-1.567515739406801,-1.0916756804703929,0
1.0,-1.528003154525358,-1.1736147603009996,0
1.0,-1.456244620533568,-1.226298626173923,0
1.0,-1.481902250840829,-1.3431179095495986,0
1.0,-1.5460209070389106,1.2687865679453674,0
1.0,-1.6064150634647336,1.1913986083060517,0
1.0,-1.6629392252199446,1.1111404651190107,0
1.0,-1.6419345496567015,1.0397435851722416,0
1.0,-1.6738182259141836,0.9609839431422552,0
1.0,-1.6199950455602548,0.8933457950678962,0
1.0,-1.6592300048854358,0.8032765238903875,0
1.0,-1.6959348850083948,0.7136918965214651,0
1.0,-1.6419626264830667,0.642618102747807,0
1.0,-1.6818615073767609,0.5495238337509644,0
1.0,-1.6260757318276557,0.473287473739106,0
1.0,-1.5683137716360587,0.394164238181017,0
1.0,-1.5115854446590449,0.31507177135246744,0
1.0,-1.460032945359217,0.24168543505676374,0
1.0,-1.408476576377102,0.1636473507734205,0
1.0,-1.350719424769666,0.08433831125705404,0
1.0,-1.3,4.663890115017507e-16,0
1.0,-1.350719424769666,-0.0843383112570534,0
1.0,-1.408476576377102,-0.16364735077341977,0
1.0,-1.460032945359217,-0.24168543505676301,0
1.0,-1.5115854446590449,-0.3150717713524668,0
1.0,-1.5683137716360587,-0.3941642381810163,0
1.0,-1.6260757318276562,-0.47328747373910524,0
1.0,-1.6818615073767613,-0.5495238337509637,0
1.0,-1.6419626264830671,-0.6426181027478063,0
1.0,-1.6959348850083953,-0.7136918965214643,0
1.0,-1.6592300048854363,-0.8032765238903868,0
1.0,-1.6199950455602552,-0.8933457950678956,0
1.0,-1.673818225914184,-0.9609839431422545,0
1.0,-1.641934549656702,-1.0397435851722407,0
1.0,-1.662939225219945,-1.1111404651190098,0
1.0,-1.606415063464734,-1.1913986083060508,0
1.0,-1.546020907038911,-1.2687865679453665,0
1.0,-1.7154572206996845,1.0282054872199977,0
1.0,-1.7638425294559945,0.9427934722314728,0
1.0,-1.7149903303825957,0.8741998269580432,0
1.0,-1.7608064769663838,0.7827974635710873,0
1.0,-1.7913391667651257,0.6943628389164416,0
1.0,-1.7364267022309388,0.6214937427072474,0
1.0,-1.7727358735236198,0.5363398923996673,0
1.0,-1.7247352524043817,0.4632526832218066,0
1.0,-1.6666237867223448,0.3842632660637658,0
1.0,-1.608928642440309,0.30774954142111727,0
1.0,-1.556675136222846,0.23725829655479924,0
1.0,-1.504473060248056,0.16165122581677452,0
1.0,-1.448894394361723,0.08429536869947214,0
1.0,-1.4,5.022650893095776e-16,0
1.0,-1.448894394361723,-0.08429536869947145,0
1.0,-1.504473060248056,-0.1616512258167738,0
1.0,-1.556675136222846,-0.23725829655479846,0
1.0,-1.608928642440309,-0.3077495414211165,0
1.0,-1.6666237867223448,-0.38426326606376504,0
1.0,-1.7247352524043822,-0.46325268322180585,0
1.0,-1.7727358735236203,-0.5363398923996664,0
1.0,-1.7364267022309392,-0.6214937427072466,0
1.0,-1.7913391667651262,-0.6943628389164407,0
1.0,-1.7608064769663843,-0.7827974635710864,0
1.0,-1.7149903303825962,-0.8741998269580423,0
1.0,-1.763842529455995,-0.9427934722314719,0
1.0,-1.715457220699685,-1.0282054872199968,0
1.0,-1.8079785870981138,0.8551101850607956,0
1.0,-1.8477590658702419,0.7653668626837267,0
1.0,-1.8830881310377148,0.673779704907239,0
1.0,-1.8265142308777598,0.6034595543756622,0
1.0,-1.8600495812180389,0.5225440516929031,0
1.0,-1.8068279670338427,0.45776548864942035,0
1.0,-1.7834850070238437,0.37229833005508595,0
1.0,-1.70661700735703,0.2968206050300784,0
1.0,-1.654137279419231,0.23248501866979668,0
1.0,-1.60124122516329,0.1605173285081561,0
1.0,-1.551518084004158,0.08250357530803584,0
1.0,-1.5,5.381411671174046e-16,0
1.0,-1.551518084004158,-0.0825035753080351,0
1.0,-1.60124122516329,-0.1605173285081553,0
1.0,-1.654137279419231,-0.23248501866979585,0
1.0,-1.70661700735703,-0.2968206050300776,0
1.0,-1.7834850070238437,-0.37229833005508517,0
1.0,-1.8068279670338427,-0.45776548864941957,0
1.0,-1.8600495812180393,-0.5225440516929022,0
1.0,-1.8265142308777602,-0.6034595543756613,0
1.0,-1.8830881310377152,-0.6737797049072382,0
1.0,-1.8477590658702423,-0.7653668626837258,0
1.0,-1.8079785870981142,-0.8551101850607947,0
1.0,-1.9138806719338788,0.5805693529613207,0
1.0,-1.9400625066914847,0.4859603585992942,0
1.0,-1.8781352021514068,0.41514692886955246,0
1.0,-1.8777224958518008,0.31812439710975876,0
1.0,-1.794565286886676,0.28822343012574375,0
1.0,-1.749933675951113,0.22922049720106974,0
1.0,-1.702458372799583,0.16182299992180182,0
1.0,-1.65252241537249,0.08519729104383778,0
1.0,-1.6,5.740172449252317e-16,0
1.0,-1.65252241537249,-0.085197291043837,0
1.0,-1.702458372799583,-0.161822999921801,0
1.0,-1.749933675951113,-0.22922049720106885,0
1.0,-1.794565286886676,-0.288223430125743,0
1.0,-1.8777224958518008,-0.3181243971097579,0
1.0,-1.8781352021514068,-0.41514692886955157,0
1.0,-1.9400625066914852,-0.4859603585992933,0
1.0,-1.9138806719338792,-0.5805693529613198,0
1.0,-1.9615705610265908,0.3901806429255864,0
1.0,-1.978353020053923,0.29346094807234824,0
1.0,-1.918226487874774,0.23859821036421888,0
1.0,-1.840114950878146,0.23302846599640267,0
1.0,-1.798689198938693,0.16730188206201285,0
1.0,-1.749755040065526,0.08571313445161007,0
1.0,-1.7,6.098933227330585e-16,0
1.0,-1.749755040065526,-0.08571313445160923,0
1.0,-1.798689198938693,-0.16730188206201196,0
1.0,-1.840114950878146,-0.23302846599640178,0
1.0,-1.918226487874774,-0.23859821036421794,0
1.0,-1.978353020053923,-0.29346094807234735,0
1.0,-1.9615705610265908,-0.3901806429255855,0
1.0,-1.990369453396863,0.1960342801263907,0
1.0,-1.90155255976582,0.1567023791156122,0
1.0,-1.845393339872274,0.08381034566569985,0
1.0,-1.8,6.457694005408856e-16,0
1.0,-1.845393339872274,-0.08381034566569896,0
1.0,-1.90155255976582,-0.15670237911561125,0
1.0,-1.990369453396863,-0.1960342801263897,0
1.0,-1.997590912420535,0.09813534844740751,0
1.0,-1.925357763896807,0.07237533873083313,0
1.0,-1.9,6.816454783487124e-16,0
1.0,-1.925357763896807,-0.07237533873083221,0
1.0,-1.997590912420535,-0.09813534844740657,0
1.0,-2.0,7.175215561565395e-16,0
