h,F,energy,length,max_psi,overhang,r_min,r_max,z_min,z_max,nodes,H_err
-120.0,0.4446460276746935,63.59189488103809,137.19925903104067,1.712820207912657,True,1.0,30.000000000000004,-120.0,-4.4231001714435496e-20,1116,2.895137081460053e-11
-119.9975,0.4446458809957648,63.59078326663997,137.19677568970377,1.7128219732556336,True,1.0,29.999999999999996,-119.9975,1.9428818227645514e-20,1116,2.895040977779484e-11
-119.4975,0.4446155915167719,63.36846791638392,136.7001159128753,1.713177114874813,True,1.0,30.0,-119.4975,-1.4690727678941772e-20,1111,2.8668092205696993e-11
-118.9975,0.4445833663546974,63.14616819210697,136.20347115922613,1.7135427525227942,True,1.0,30.0,-118.9975,-5.029258124322408e-22,1107,2.8485521233467814e-11
-118.4975,0.4445491486146659,62.923885075792995,135.706838531415,1.713918954240599,True,1.0,30.0,-118.4975,1.1163629547015662e-20,1106,2.8110933719682762e-11
-117.9975,0.44451288096110414,62.70161957811063,135.21021500640842,1.7143058128045232,True,1.0,30.0,-117.9975,-2.771385924297664e-20,1100,2.801783804962099e-11
-117.4975,0.44447450566098756,62.47937273839676,134.7135974329707,1.7147032495373769,True,1.0,30.0,-117.4975,3.586655136029928e-20,1096,2.8400353249691257e-11
-116.9975,0.4444339646208206,62.25714562495949,134.21698253043306,1.7151113224096803,True,1.0,30.0,-116.9975,3.584669902559801e-20,1093,2.8017477227137988e-11
-116.4975,0.4443911994329121,62.03493933530631,133.72036688707644,1.7155300576891295,True,1.0,30.0,-116.4975,2.713814153663973e-20,1090,2.786523962960974e-11
-115.9975,0.4443461514218064,61.81275499611789,133.22374695801992,1.7159593940414442,True,1.0,29.999999999999996,-115.9975,1.9382496113342544e-20,1087,2.7492468371304035e-11
-115.4975,0.44429876168991245,61.59059376357562,132.72711906432582,1.7163992775425072,True,1.0,30.000000000000004,-115.4975,-1.3102540902839958e-20,1084,2.731133201538949e-11
-114.9975,0.4442489711691547,61.3684568232402,132.2304793907682,1.7168496336001664,True,1.0,30.0,-114.9975,3.089685024008069e-20,1080,2.698804027478907e-11
-114.4975,0.4441967206734689,61.14634539035343,131.7338239850506,1.7173103669382266,True,1.0,30.0,-114.4975,1.641126335305207e-20,1078,2.6792299281930276e-11
-113.9975,0.4441419509514742,60.92426070965843,131.23714875571338,1.717781361525612,True,1.0,30.0,-113.9975,-1.0965106200002935e-20,1076,2.6416591136779743e-11
-113.4975,0.4440846027449452,60.702204055635136,130.74044947140527,1.718262480546037,True,1.0,30.0,-113.4975,-2.8322664173815668e-21,1074,2.6200297140177575e-11
-112.9975,0.4440246168462017,60.480176732305445,130.24372175901345,1.7187538173093724,True,1.0,29.999999999999996,-112.9975,9.039429733979486e-21,1070,2.614235737607995e-11
-112.4975,0.44396193416370844,60.258180073260654,129.7469611025846,1.7192553883569357,True,1.0,30.0,-112.4975,-8.02696066421458e-21,1067,2.5771159511966957e-11
-111.9975,0.4438964957809787,60.03621544168158,129.2501628423979,1.7197665923114895,True,1.0,30.0,-111.9975,1.0104838362947786e-20,1066,2.557339756625865e-11
-111.4975,0.44382824302624635,59.814284230047576,128.7533221732385,1.720287205469655,True,1.0,30.0,-111.4975,2.150669592637872e-20,1064,2.520541067529969e-11
-110.9975,0.44375711754122954,59.59238786019376,128.25643414388202,1.7208172812728908,True,1.0,30.0,-110.9975,2.9904233505017057e-20,1061,2.5099691422503234e-11
-110.4975,0.4436830613544992,59.37052778294321,127.7594936554397,1.721356833218351,True,1.0,30.0,-110.4975,-3.776575804672103e-20,1059,2.4757123434637762e-11
-109.9975,0.44360601695440927,59.14870547807411,127.26249546090531,1.7219050281254487,True,1.0,30.0,-109.9975,1.453190900133159e-20,1056,2.4391131475676175e-11
-109.4975,0.4435259273680075,58.92692245398169,126.76543416393977,1.722461660803311,True,1.0,30.0,-109.4975,4.056493723960048e-21,1054,2.4587202065995406e-11
-108.9975,0.4434427362415581,58.705180247317124,126.26830421787717,1.7230271631072893,True,1.0,30.0,-108.9975,-2.6324195813887553e-20,1051,2.428331234011205e-11
-108.4975,0.44335638792623183,58.483480422848125,125.77109992524456,1.7236003360564578,True,1.0,30.0,-108.4975,-2.8713093422940697e-20,1050,2.4105095523807574e-11
-107.9975,0.44326682756244046,58.26182457285874,125.27381543655697,1.7241810538935418,True,1.0,30.0,-107.9975,-1.5074539483166376e-20,1047,2.379092148979689e-11
-107.4975,0.4431740011735378,58.04021431696249,124.77644475009085,1.7247694592839002,True,1.0,30.0,-107.4975,3.668049708305146e-20,1046,2.3617791750085715e-11
-106.9975,0.4430778557570061,57.8186513014071,124.278981710751,1.725364360535115,True,1.0,30.0,-106.9975,1.8257530480270427e-20,1043,2.3681126504193628e-11
-106.4975,0.44297833938540637,57.59713719875647,123.7814200098891,1.725965937519564,True,1.0,29.999999999999996,-106.4975,2.8838824876048757e-20,1042,2.5355113841829535e-11
-105.9975,0.4428754013043024,57.37567370725567,123.28375318463625,1.7265735631666617,True,1.0,30.0,-105.9975,5.194694246833014e-21,1040,2.4268344278599585e-11
-105.4975,0.4427689920404941,57.154262550125125,122.78597461723649,1.727186345950236,True,1.0,30.0,-105.4975,-3.9042924912502906e-22,1039,2.6106596051622688e-11
-104.9975,0.4426590635093893,56.93290547506422,122.28807753503236,1.7278047915110752,True,1.0,30.000000000000004,-104.9975,1.7185504406401703e-20,1037,2.786977593149942e-11
-104.4975,0.4425455691291794,56.711604253440484,121.79005500993985,1.7284273358708169,True,1.0,30.0,-104.4975,-8.635765595053609e-21,1035,2.6713631307018204e-11
-103.9975,0.4424284639398114,56.49036067943021,121.29189995804774,1.729054003410109,True,1.0,30.000000000000004,-103.9975,-4.6547107429583973e-20,1033,2.834575629773184e-11
-103.4975,0.4423077047235441,56.2691765693449,120.7936051397593,1.729684159592983,True,1.0,30.0,-103.4975,5.677767724563982e-21,1030,2.9898854225773874e-11
-102.9975,0.442183250133302,56.04805376060844,120.29516315945271,1.7303167481552404,True,1.0,30.0,-102.9975,-1.2202568396382264e-20,1029,3.138862086915495e-11
-102.4975,0.44205506082397356,55.82699411083166,119.7965664655203,1.7309521479224594,True,1.0,30.0,-102.4975,1.346650037236329e-20,1027,3.277155630199147e-11
-101.9975,0.44192309958965714,55.605999496791156,119.29780735043171,1.7315887172091116,True,1.0,30.000000000000004,-101.9975,-2.4524250800972165e-20,1025,3.154559946594304e-11
-101.4975,0.44178733150828065,55.3850718132202,118.79887795070296,1.732226275169535,True,1.0,30.0,-101.4975,3.3087224502121107e-22,1023,3.28152990891617e-11
-100.9975,0.44164772408619546,55.164212971795536,118.29977024734501,1.732864222537541,True,1.0,29.999999999999996,-100.9975,1.2705494208814505e-21,1020,3.397176290276249e-11
-100.4975,0.4415042474145547,54.943424899742176,117.8004760660099,1.7335013442732665,True,1.0,30.0,-100.4975,2.802487915329658e-20,1018,3.702650686054909e-11
-99.9975,0.4413568743284326,54.72270953865104,117.30098707745917,1.734137663348104,True,1.0,30.0,-99.9975,1.1507736681837721e-20,1015,3.774290602276409e-11
-99.4975,0.44120558057428977,54.5020688428839,116.80129479792237,1.7347719279591922,True,1.0,30.0,-99.4975,-4.910144116114772e-20,1014,3.835341072511156e-11
-98.9975,0.44105034498092544,54.281504778170124,116.30139058980889,1.7354032006534128,True,1.0,29.999999999999996,-98.9975,1.1209951661318631e-20,1009,4.00153798985059e-11
-98.4975,0.4408911496427361,54.061019320037495,115.80126566236162,1.7360314721829921,True,1.0,30.0,-98.4975,-2.5688921103446827e-20,1006,4.141996468032261e-11
-97.9975,0.4407279801030429,53.84061445218311,115.30091107245785,1.736655298565192,True,1.0,30.0,-97.9975,-2.2366963763433868e-20,1002,4.072176623681756e-11
-97.4975,0.44056082555218923,53.6202921645614,114.80031772549692,1.7372738018815301,True,1.0,30.0,-97.4975,1.3347386364155655e-20,1001,3.9930447837122074e-11
-96.9975,0.4403896790281455,53.4000544515515,114.29947637655242,1.737886647955312,True,1.0,30.0,-96.9975,-5.479244377551255e-21,999,3.910050061506354e-11
-96.4975,0.4402145376283871,53.1799033100321,113.79837763148612,1.7384927768536336,True,1.0,30.0,-96.4975,-1.3976043629695956e-20,996,3.8200907714891486e-11
-95.9975,0.4400354027298137,52.95984073728383,113.29701194830012,1.7390910924354057,True,1.0,30.0,-95.9975,3.478129039662971e-20,993,3.731871756063043e-11
-95.4975,0.4398522802173591,52.73986872876823,112.7953696386128,1.739680742686404,True,1.0,29.999999999999996,-95.4975,-1.342547221398066e-19,991,3.645208440650194e-11
-94.9975,0.43966518072161653,52.51998927583979,112.29344086932262,1.7402612836031466,True,1.0,30.000000000000004,-94.9975,1.5617169965001163e-20,989,3.558160016625678e-11
-94.4975,0.439474119866825,52.30020436332288,111.79121566439369,1.7408315138074695,True,1.0,30.000000000000004,-94.4975,-2.302870825347629e-20,987,3.5009203869229566e-11
-93.9975,0.4392791185305714,52.08051596683768,111.28868390697596,1.7413903844978773,True,1.0,30.0,-93.9975,-2.091112588534054e-20,986,3.418688943046533e-11
-93.4975,0.43908020311133455,51.86092605029044,110.7858353414496,1.7419369775559428,True,1.0,30.0,-93.4975,3.6581235409545096e-20,984,3.333266301863702e-11
-92.9975,0.4388774058097291,51.64143656294416,110.28265957592265,1.7424703585199892,True,1.0,30.0,-92.9975,-1.0270274485458392e-20,982,3.278878557555487e-11
-92.4975,0.4386707649208849,51.422049436368795,109.77914608498057,1.742989644859559,True,1.0,30.0,-92.4975,4.8651454907918876e-20,978,3.192669045803953e-11
-91.9975,0.4384603251389351,51.202766581481264,109.27528421241351,1.7434940546514224,True,1.0,30.0,-91.9975,-8.867376166568457e-20,976,3.106861989898846e-11
-91.4975,0.43824613787364297,50.98358988518659,108.77106317444905,1.7439823103229786,True,1.0,29.999999999999996,-91.4975,1.2104630211855986e-19,974,3.0569491382692604e-11
-90.9975,0.4380282615852843,50.7645212068739,108.26647206325593,1.7444534118271768,True,1.0,30.000000000000004,-90.9975,-7.453889935837843e-20,973,2.978717966728439e-11
-90.4975,0.43780676211218983,50.545562374906254,107.76149985073782,1.7449063425516025,True,1.0,30.0,-90.4975,-2.5887444450459554e-20,973,2.934249371255859e-11
-89.9975,0.43758171306260124,50.32671518280618,107.25613539235651,1.745340069200722,True,1.0,30.0,-89.9975,4.235164736271502e-22,969,2.8487011360933678e-11
-89.4975,0.4373531961576878,50.10798138528026,106.75036743183155,1.7457535416312115,True,1.0,30.0,-89.4975,3.959879028413854e-20,968,2.7669824764764428e-11
-88.9975,0.4371213016357162,49.889362694083175,106.24418460583773,1.7461456926643177,True,1.0,29.999999999999996,-88.9975,-4.973671587158845e-20,965,2.7223875931348118e-11
-88.4975,0.4368861286576513,49.67086077356039,105.73757544932253,1.7465154378982082,True,1.0,30.0,-88.4975,2.9010878443459787e-20,963,2.6906352146305323e-11
-87.9975,0.43664778572919505,49.45247723623732,105.23052840101165,1.7468616754818118,True,1.0,30.0,-87.9975,2.0884656105738843e-20,962,2.697882195423773e-11
-87.4975,0.43640639114206087,49.23421363795211,104.72303180962984,1.7471832858733856,True,1.0,30.0,-87.4975,1.0992899468584717e-19,960,2.7052249329528877e-11
-86.9975,0.43616207343787206,49.01607147281219,104.21507394056816,1.7474791315753098,True,1.0,30.000000000000004,-86.9975,-2.191697751020502e-20,958,2.6824001353453752e-11
-86.4975,0.43591497186706984,48.79805216798998,103.70664298306383,1.7477480568040193,True,1.0,30.0,-86.4975,-7.620649547328533e-20,958,2.7245761202721042e-11
-85.9975,0.4356652369274017,48.58015707829777,103.1977270577914,1.7479888871968348,True,1.0,30.000000000000004,-85.9975,-6.569799297141167e-20,955,2.735060788960908e-11
-85.4975,0.43541303084676986,48.362387480385,102.6883142254074,1.748200429458658,True,1.0,30.0,-85.4975,-1.2440796412797536e-21,952,2.7133725821748556e-11
-84.9975,0.4351585281215043,48.14474456666352,102.17839249565202,1.748381470997038,True,1.0,30.0,-84.9975,1.0466150854510949e-19,952,2.758726580509574e-11
-84.4975,0.434901916117899,47.92722943919501,101.66794983692104,1.7485307795514538,True,1.0,30.0,-84.4975,1.4664257899340075e-20,948,2.7711069550129253e-11
-83.9975,0.43464339561303794,47.709843102987165,101.15697418694307,1.748647102743493,True,1.0,30.0,-83.9975,5.643357011081776e-20,947,2.77889378175189e-11
-83.4975,0.43438318142303994,47.492586459203146,100.64545346409247,1.748729167656343,True,1.0,30.0,-83.4975,-1.7020068283891097e-20,945,2.789771191835655e-11
-82.9975,0.4341215030306153,47.275460297899414,100.13337557968494,1.7487758879226185,True,1.0,30.0,-82.9975,-9.124133028704916e-20,942,2.802483245467613e-11
-82.4975,0.4338586052409021,47.05846529064467,99.6207284510517,1.7487858649415315,True,1.0,30.0,-82.4975,-5.233075427255474e-20,939,2.813424493375294e-11
-81.9975,0.43359474886085336,46.84160198263602,99.10750001575721,1.7487576600152481,True,1.0,30.0,-81.9975,4.716914725022385e-20,934,2.8264321438875584e-11
-81.4975,0.43333021140579586,46.6248707844592,98.59367824686173,1.7486899117880477,True,1.0,30.0,-81.4975,1.1911400820763599e-20,930,2.8346353042607575e-11
-80.9975,0.4330652878303065,46.40827196367212,98.07925116928051,1.7485812358943047,True,1.0,30.0,-80.9975,-6.437450399132683e-20,925,2.846016478041946e-11
-80.4975,0.4328002912874596,46.19180563583656,97.56420687734354,1.7484302244297043,True,1.0,30.000000000000004,-80.4975,-5.982170189983496e-20,922,2.8593613587979405e-11
-79.9975,0.4325355539128144,45.97547175517598,97.04853355378822,1.7482354454309377,True,1.0,29.999999999999996,-79.9975,-8.099752558119247e-21,919,2.867835136033392e-11
-79.4975,0.4322714276353328,45.75927010497869,96.53221948986574,1.7479954423397122,True,1.0,30.0,-79.4975,7.893288277226011e-20,915,2.88148810367872e-11
-78.9975,0.43200828501757066,45.54320028743723,96.01525310710481,1.7477090616936444,True,1.0,30.000000000000004,-78.9975,1.9614106684857392e-20,910,2.893301570550122e-11
-78.4975,0.4317465201196612,45.327261713129616,95.49762298052329,1.7473745863330759,True,1.0,30.0,-78.4975,2.959321359469712e-20,907,2.907248053407585e-11
-77.9975,0.4314865493925807,45.11145359000589,94.97931786352761,1.74699037289067,True,1.0,30.0,-77.9975,-3.716357056078243e-20,904,2.916063224223109e-11
-77.4975,0.43122881259620144,44.89577491204589,94.46032671440838,1.7465548592619633,True,1.0,29.999999999999996,-77.4975,-3.99693671985623e-20,899,2.93032612064259e-11
-76.9975,0.4309737737460508,44.68022444731003,93.94063872473845,1.74606645616672,True,1.0,30.0,-76.9975,-4.7883831299469666e-20,896,2.9425892278389654e-11
-76.4975,0.4307219220824121,44.46480072559769,93.42024334966078,1.7455235466586205,True,1.0,30.0,-76.4975,7.403597354594619e-20,895,2.9571518844750955e-11
-75.9975,0.4304737730663235,44.24950202553817,92.89913034015619,1.7449244856454342,True,1.0,30.0,-75.9975,4.462804840846095e-20,893,2.966330653331184e-11
-75.4975,0.43022986939747726,44.034326361302035,92.37728977736825,1.7442679337464122,True,1.0,30.0,-75.4975,-1.860825505999291e-20,892,2.975650975622912e-11
-74.9975,0.429990782054969,43.819271468670095,91.85471210917412,1.743551965756427,True,1.0,29.999999999999996,-74.9975,6.691560283308973e-20,888,2.993955083852029e-11
-74.4975,0.4297571113603198,43.60433479064531,91.33138818895821,1.742774733701849,True,1.0,30.0,-74.4975,7.639178393049721e-20,886,3.003461368500382e-11
-73.9975,0.42952948805313934,43.38951346251749,90.80730931684795,1.7419344749777426,True,1.0,29.999999999999996,-73.9975,-3.441071348220595e-21,885,3.018723465642026e-11
-73.4975,0.4293085743890878,43.174804296347425,90.28246728330394,1.7410293969533428,True,1.0,30.0,-73.4975,7.790056136779393e-20,883,3.034263118539826e-11
-72.9975,0.42909506524771185,42.960203764985735,89.75685441530574,1.7400576779102936,True,1.0,30.000000000000004,-72.9975,5.664532834763134e-20,880,3.047493507546406e-11
-72.4975,0.42888968924961857,42.74570798544407,89.23046362512815,1.7390174660778104,True,1.0,30.0,-72.4975,1.7867101231145398e-20,877,3.0633516556743956e-11
-71.9975,0.42869320988261944,42.53131270175842,88.70328846179046,1.7379068802667406,True,1.0,30.0,-71.9975,-6.493036936296246e-20,875,3.0733429690066316e-11
-71.4975,0.42850642662590743,42.3170132672678,88.17532316524267,1.7367242580389428,True,1.0,30.0,-71.4975,3.3100459391921955e-20,873,3.0895515312767685e-11
-70.9975,0.4283301760769143,42.1028046263378,87.64656272329957,1.7354674964428556,True,1.0,29.999999999999996,-70.9975,-2.2380198653234717e-20,871,3.103314133445778e-11
-70.4975,0.42816533306515797,41.888681295525714,87.11700293141273,1.7341345232134484,True,1.0,30.000000000000004,-70.4975,2.226108464502708e-20,869,3.11985090539757e-11
-69.9975,0.4280128117567755,41.67463734418405,86.58664045520888,1.732723340326938,True,1.0,30.0,-69.9975,4.000907186796484e-20,868,3.1303050429531964e-11
-69.4975,0.42787356673464283,41.46066637452473,86.05547289587861,1.731231922974532,True,1.0,30.0,-69.4975,2.1466991256976174e-20,865,3.1508504139132754e-11
-68.9975,0.42774859405784704,41.24676150114225,85.52349885825298,1.729658219649158,True,1.0,30.0,-68.9975,2.4696304368383194e-20,863,3.16801446187398e-11
-68.4975,0.4276389322803021,41.032915330018604,84.99071802166132,1.7280001536997025,True,1.0,30.0,-68.4975,5.1126379300677535e-20,862,3.178772522982598e-11
-67.9975,0.4275456634284382,40.819119937032454,84.45713121337839,1.7262556245016967,True,1.0,30.000000000000004,-67.9975,2.1864037951001628e-20,858,3.203039916632733e-11
-67.4975,0.42746991393280254,40.60536684598534,83.92274048449592,1.7244225087490261,True,1.0,30.0,-67.4975,-6.471861112614889e-20,857,3.214040839027987e-11
-66.9975,0.42741285548752883,40.391647006183454,83.38754918825661,1.722498662193406,True,1.0,30.0,-66.9975,3.426512969439662e-20,855,3.231918899171404e-11
-66.4975,0.4273757058495178,40.17795076959428,82.85156206036558,1.7204819213873426,True,1.0,29.999999999999996,-66.4975,2.5530102425836646e-20,851,3.2539741734449734e-11
-65.9975,0.4273597295508065,39.96426786766035,82.31478530136631,1.7183701058827043,True,1.0,30.0,-65.9975,1.4068687858301895e-20,850,3.265305387190054e-11
-65.4975,0.4273662385145629,39.75058738771748,81.77722666042625,1.7161610204746207,True,1.0,30.0,-65.4975,3.8195891965248606e-20,848,3.302910722702279e-11
-64.9975,0.42739659257399226,39.53689774918336,81.23889552050241,1.7138524576021812,True,1.0,30.0,-64.9975,-7.853583607823466e-20,844,3.466017750586303e-11
-64.4975,0.4274521998701016,39.323186679505156,80.699802984455,1.7114422001344738,True,1.0,30.0,-64.4975,-1.3367238698856927e-20,843,3.47474965467498e-11
-63.9975,0.42753451711725565,39.109441189914236,80.1599619613644,1.7089280243198075,True,1.0,30.0,-63.9975,-5.26748614073768e-21,840,3.58448271065015e-11
-63.4975,0.427645049734847,38.89564755112568,79.61938725311153,1.7063077029453508,True,1.0,30.0,-63.4975,-1.69935985042894e-20,837,3.5835057143884796e-11
-62.9975,0.4277853518198051,38.681791268953916,79.07809563996801,1.7035790087140352,True,1.0,30.0,-62.9975,2.2499312661442353e-20,835,3.6389585789109447e-11
-62.4975,0.4279570259497825,38.46785706004375,78.53610596543439,1.700739717827794,True,1.0,30.0,-62.4975,2.6535954050701128e-20,831,3.675580673156986e-11
-61.9975,0.4281617228161662,38.253828827708624,77.99343921881125,1.6977876137512846,True,1.0,30.0,-61.9975,-1.9442053117446362e-20,828,3.67938735035267e-11
-61.4975,0.4284011406574271,38.039689637991955,77.45011861541954,1.6947204911587523,True,1.0,30.0,-61.4975,1.394957385009426e-20,825,3.661811132094073e-11
-60.9975,0.4286770244927304,37.82542169609424,76.906169673607,1.6915361600328798,True,1.0,30.0,-60.9975,-5.986140656923751e-20,821,3.606490106555782e-11
-60.4975,0.42899116514854185,37.61100632320438,76.36162028728148,1.6882324498776842,True,1.0,30.0,-60.4975,-6.908612476042887e-21,817,3.5243780116545054e-11
-59.9975,0.42934539805338656,37.396423933898255,75.81650079404831,1.6848072140422048,True,1.0,30.0,-59.9975,-9.93940224043718e-21,811,3.5039429691074986e-11
-59.4975,0.42974160181180143,37.18165401417579,75.27084403715773,1.681258334092851,True,1.0,29.999999999999996,-59.4975,5.1377842206893655e-20,807,3.5166883294301954e-11
-58.9975,0.430181696529146,36.96667510028512,74.72468542121503,1.677583724228587,True,1.0,29.999999999999996,-58.9975,9.833523122030393e-21,801,3.542673099321547e-11
-58.4975,0.43066764190694196,36.751464758448385,74.17806296012105,1.6737813356686615,True,1.0,30.0,-58.4975,-4.33310292079778e-20,795,3.564223916008302e-11
-57.9975,0.4312014350776922,36.535999565630725,73.63101731705659,1.6698493127771823,True,1.0,30.0,-57.9975,-1.7483289426920793e-20,775,3.587826563622443e-11
-57.4975,0.4317851082025487,36.32025509116436,73.08359183501999,1.6657857687187478,True,1.0,30.0,-57.4975,1.2103306722875901e-20,775,3.603917164696213e-11
-56.9975,0.4324207258054442,36.10420588033786,72.53583255799742,1.6615885785167295,True,1.0,30.0,-56.9975,9.628382330117242e-21,772,3.6309580342397396e-11
-56.4975,0.4331103818734358,35.88782543858978,71.98778824120508,1.6572558810659428,True,1.0,29.999999999999996,-56.4975,-2.837560373301906e-20,771,3.653212454768351e-11
-55.9975,0.4338561967013001,35.671086217654995,71.43951035042716,1.652785872268188,True,1.0,30.0,-55.9975,1.63649412387491e-20,769,3.680835497510415e-11
-55.4975,0.4346603135041286,35.45395960324749,70.89105304960728,1.6481768083335264,True,1.0,30.0,-55.4975,-1.3287829360051837e-20,767,3.7034840472127684e-11
-54.9975,0.4355248947921476,35.236415904494265,70.34247317644291,1.6434270087223266,True,1.0,30.0,-54.9975,2.384265397622847e-20,765,3.7220143633831526e-11
-54.4975,0.43645211852354654,35.01842434523789,69.79383020565871,1.6385348586715294,True,1.0,30.0,-54.4975,5.41770213997731e-20,763,3.748177462847835e-11
-53.9975,0.4374441740444893,34.79995305732808,69.2451861998384,1.6334988112570217,True,1.0,30.0,-53.9975,1.550467340169395e-20,760,3.7765790494859175e-11
-53.4975,0.43850325782188626,34.58096907597732,68.69660574787342,1.6283174921837484,True,1.0,30.0,-53.4975,-2.243313821243811e-20,758,3.79961687113628e-11
-52.9975,0.439631568982694,34.361438337308634,68.14815589123316,1.6229897026029598,True,1.0,30.0,-52.9975,6.422230275861707e-20,756,3.8184337636248955e-11
-52.4975,0.44083130467115555,34.141325678181275,67.5999060384006,1.6175137851079286,True,1.0,29.999999999999996,-52.4975,-8.218866566326883e-21,754,3.841448686925375e-11
-51.9975,0.44210465523434506,33.92059483837882,67.05192786803052,1.6118884712552086,True,1.0,30.0,-51.9975,5.829968957273739e-21,752,3.8645579791829476e-11
-51.4975,0.44345379924181455,33.69920846524453,66.50429522156959,1.6061125625367623,True,1.0,30.0,-51.4975,-4.133917829295011e-20,750,3.8776815092234074e-11
-50.9975,0.4448808983464307,33.47712812084911,65.95708398621453,1.600184928979161,True,1.0,30.0,-50.9975,2.5874209560658706e-21,748,3.900706840864743e-11
-50.4975,0.44638809199895135,33.2543142917685,65.41037196921413,1.5941045071039084,True,1.0,30.0,-50.4975,5.763794508269497e-21,744,3.9274035412706354e-11
-49.9975,0.44797749200752945,33.030726401530906,64.86423876474257,1.5878702972636745,True,1.0,30.0,-49.9975,3.610477937671455e-20,741,3.94034041506508e-11
-49.4975,0.44965117694204204,32.80632282583604,64.31876561465654,1.5814813603641171,True,1.0,30.0,-49.4975,-1.138200522872966e-21,734,3.963137457096977e-11
-48.9975,0.4514111863891162,32.58106091059998,63.77403526444584,1.5749368139961966,True,1.0,30.0,-48.9975,-1.1209951661318631e-20,725,3.98583943628239e-11
-48.4975,0.4532595150296156,32.354896992919706,63.230131816007045,1.5682358280155335,False,1.0,30.0,-48.4975,-3.337177463283935e-20,713,3.9983460986547925e-11
-47.9975,0.4551981064790065,32.127786424211926,62.68714057719161,1.561377682886493,False,1.0,30.000000000000004,-47.9975,-1.5868632871217283e-20,695,4.543623116637363e-11
-47.4975,0.4572288472464674,31.899683601461636,62.145147920073235,1.5543616924483947,False,1.0,30.0,-47.4975,-1.7913423345448367e-20,695,4.032764400196953e-11
-46.9975,0.4593535595960498,31.670541988323855,61.60424111694725,1.5471869989591929,False,1.0,30.0,-46.9975,2.0792011877132904e-20,693,4.615752918768479e-11
-46.4975,0.46157399554636175,31.440314161281844,61.06450821788091,1.5398529263486036,False,1.0,30.000000000000004,-46.4975,-3.010937429693021e-20,693,4.070038750469962e-11
-45.9975,0.4638918288747539,31.20895183339297,60.52603788631009,1.532358821615335,False,1.0,30.000000000000004,-45.9975,-1.1507736681837721e-20,692,4.6851127144531546e-11
-45.4975,0.46630864854179027,30.97640590833798,59.98891928846143,1.5247040493909665,False,1.0,30.0,-45.4975,-2.421984833555265e-21,692,4.1019299068523196e-11
-44.9975,0.4688259499580714,30.742626512617278,59.45324194333712,1.5168879837972566,False,1.0,30.0,-44.9975,1.937587866844212e-20,691,4.121801511214329e-11
-44.4975,0.47144512722116444,30.507563052455563,58.919095618364906,1.5089100024370563,False,1.0,30.0,-44.4975,2.3306640939294108e-20,690,4.792197888514593e-11
-43.9975,0.4741674642902644,30.27116426654429,58.38657021884202,1.5007694793268735,False,1.0,30.0,-43.9975,1.2090071833075052e-20,690,4.1460397615100675e-11
-43.4975,0.476994124860173,30.033378275773444,57.85575567402682,1.4924657771201384,False,1.0,30.000000000000004,-43.4975,-6.258117642331186e-20,689,4.866795855207329e-11
-42.9975,0.4799261432659917,29.794152657244393,57.326741868489314,1.4839982416047937,False,1.0,30.000000000000004,-42.9975,-1.837002704357764e-20,689,4.17261225571508e-11
-42.4975,0.48296441255174494,29.55343450045935,56.799618544026394,1.4753662397439984,False,1.0,30.0,-42.4975,6.346129659506828e-21,688,4.188965840867809e-11
-41.9975,0.48610967348976347,29.311170488218103,56.27447524683279,1.466569223621458,False,1.0,30.0,-41.9975,4.2080332121797624e-20,687,4.9839840587928563e-11
-41.4975,0.4893625019517848,29.067306975004243,55.75140127135416,1.4576062799668787,False,1.0,30.000000000000004,-41.4975,1.8628107394694183e-20,687,5.0203050050434683e-11
-40.9975,0.49272329485767496,28.82179006941086,55.23048561218181,1.448476618542751,False,1.0,30.000000000000004,-40.9975,-2.7846208140985124e-20,687,5.0574183729779065e-11
-40.4975,0.49619225591501465,28.57456573057978,54.71181693951111,1.4391794004585885,False,1.0,29.999999999999996,-40.4975,9.919549905735908e-21,687,4.217762250569024e-11
-39.9975,0.49976937909376223,28.325579865003434,54.1954835742428,1.4297137325364613,False,1.0,30.0,-39.9975,-7.067431153653068e-21,686,5.138503511581405e-11
-39.4975,0.5034544325369202,28.07477844163179,53.68157349082612,1.4200786632262878,False,1.0,30.000000000000004,-39.4975,3.1234339930002325e-20,686,5.177434869718667e-11
-38.9975,0.5072469389048035,27.82210760347742,53.17017431089798,1.4102731773157013,False,1.0,30.0,-38.9975,-4.3694988677501134e-20,686,5.216679865860385e-11
-38.4975,0.5111461560242573,27.5675137987028,52.661373323350354,1.4002962296014059,False,1.0,30.0,-38.4975,-1.2999970506883383e-20,686,4.231787142927601e-11
-37.9975,0.5151510544446446,27.310943915333507,52.15525750311739,1.3901471892596557,False,1.0,30.0,-37.9975,-5.327043144841498e-21,685,5.30038651858078e-11
-37.4975,0.519260295591591,27.052345435445783,51.65191355291944,1.379824304813368,False,1.0,30.0,-37.4975,6.627371067774858e-21,685,5.339213793309483e-11
-36.9975,0.5234722054546218,26.79166659167159,51.15142793734622,1.3693262711337022,False,1.0,29.999999999999996,-36.9975,2.197653451430884e-20,685,4.230238381808249e-11
-36.4975,0.5277847475393698,26.528856541853777,50.65388693272551,1.3586517041118282,False,1.0,30.0,-36.4975,-4.456849140435713e-21,684,5.419602266965029e-11
-35.9975,0.5321954958228691,26.263865561060978,50.159376691598226,1.3477994976421828,False,1.0,30.0,-35.9975,1.1166938269465874e-20,684,4.223175975592852e-11
-35.4975,0.5367016013935564,25.996645239124074,49.66798329461231,1.3367681834113203,False,1.0,30.0,-35.4975,1.122848050703982e-19,683,4.2142150880053464e-11
-34.9975,0.5412997613033792,25.727148703516196,49.17979282685044,1.325555725334622,False,1.0,30.0,-34.9975,2.7237403210146095e-20,682,5.523975721288821e-11
-34.4975,0.5459861834079368,25.45533085449706,48.69489145045411,1.3141604100704436,False,1.0,30.000000000000004,-34.4975,-3.928115292891818e-20,682,5.5506974017127675e-11
-33.9975,0.5507565482246037,25.18114861805734,48.213365478839584,1.302581283133213,False,1.0,30.0,-33.9975,1.1117307432712692e-20,682,4.180729373803871e-11
-33.4975,0.5556059690504985,24.90456121953914,47.73530145619898,1.2908157222654304,False,1.0,30.000000000000004,-33.4975,-5.2410163611359833e-20,681,5.5958307432213417e-11
-32.9975,0.5605289525498943,24.625530478550367,47.26078625007573,1.27886169443493,False,1.0,30.000000000000004,-32.9975,5.823351512373315e-22,681,4.149226795480132e-11
-32.4975,0.5655193510653912,24.344021122235063,46.789907122879654,1.2667181316769942,False,1.0,30.000000000000004,-32.4975,-6.133047933713168e-20,680,5.61475865801242e-11
-31.997500000000002,0.5705703202356989,24.0600011241409,46.32275183440614,1.2543820153937393,False,1.0,30.0,-31.997500000000002,3.134021904840911e-20,680,4.107908457839926e-11
-31.497500000000002,0.5756742663761681,23.773442065352146,45.85940871274857,1.2418514976265027,False,1.0,30.0,-31.497500000000002,1.3976043629695956e-20,679,5.596090257853348e-11
-30.997500000000002,0.5808227996830932,23.484319520211002,45.39996675872914,1.2291246392671709,False,1.0,29.999999999999996,-30.997500000000002,-5.2727800966580196e-20,679,5.564788907452822e-11
-30.497500000000002,0.5860066788888578,23.19261346879372,44.94451572225685,1.2161984451935535,False,1.0,30.0,-30.497500000000002,9.08972231522271e-20,679,4.0223685493501193e-11
-29.997500000000002,0.5912157568929353,22.898308736524825,44.49314618890253,1.2030716143383395,False,1.0,30.0,-29.997500000000002,3.3616620094155045e-20,678,3.992571551147961e-11
-29.497500000000002,0.5964389258094911,22.601395459423895,44.04594967234243,1.1897405542265285,False,1.0,30.0,-29.497500000000002,-7.940933880509066e-22,677,3.963845918164566e-11
-28.997500000000002,0.6016640581306877,22.30186958019559,43.603018692011496,1.1762039211527628,False,1.0,30.0,-28.997500000000002,4.341043854678289e-20,675,3.939022719112728e-11
-28.497500000000002,0.6068779480861618,21.999733372390054,43.16444685521252,1.1624580729617335,False,1.0,30.0,-28.497500000000002,-7.940933880509066e-21,674,3.9039244059679845e-11
-27.997500000000002,0.6120662519415863,21.69499599443377,42.73032893494897,1.1485016246171946,False,1.0,30.0,-27.997500000000002,9.079134403382032e-21,671,3.8798214641033724e-11
-27.497500000000002,0.6172134279522808,21.38767407361013,42.30076094433946,1.1343309017839713,False,1.0,30.0,-27.497500000000002,-3.679299364635867e-21,670,3.838067363926001e-11
-26.997500000000002,0.6223026764684515,21.077792320066475,41.87584020715171,1.1199440618182759,False,1.0,30.0,-26.997500000000002,-3.856646887967236e-20,668,3.800426640054866e-11
-26.497500000000002,0.6273158808118454,20.765384170586167,41.45566542394807,1.10533803405348,False,1.0,30.000000000000004,-26.497500000000002,4.4575108849257555e-20,667,3.7517947082399417e-11
-25.997500000000002,0.6322335495987679,20.450492461601442,41.0403367333731,1.0905100678898683,False,1.0,29.999999999999996,-25.997500000000002,2.7660919683773245e-20,665,3.7074177061668934e-11
-25.497500000000002,0.6370347613174635,20.133170130515186,40.62995576806796,1.0754581363718838,False,1.0,30.0,-25.497500000000002,-5.8762910715767086e-21,663,3.6597988528619396e-11
-24.997500000000002,0.6416971120501571,19.813480943983734,40.22462570471705,1.060178923209333,False,1.0,30.0,-24.997500000000002,8.134163271601453e-20,662,3.600630904543323e-11
-24.497500000000002,0.6461966673572878,19.491500251345112,39.82445130770279,1.0446698590436638,False,1.0,30.000000000000004,-24.497500000000002,-8.652970951794712e-20,660,3.546209159654978e-11
-23.997500000000002,0.650507919459488,19.167315760825495,39.429538965832954,1.02892887968037,False,1.0,30.0,-23.997500000000002,3.729591945879091e-20,658,3.4874519938554727e-11
-23.497500000000002,0.6546037509624675,18.841028335585754,39.03999672160608,1.0129529751224569,False,1.0,30.0,-23.497500000000002,3.3351922298138076e-20,656,3.4262911952076536e-11
-22.997500000000002,0.6584554065087264,18.512752805971783,38.65593429244602,0.9967396265056476,False,1.0,30.0,-22.997500000000002,8.999725064576941e-22,654,3.362009282081857e-11
-22.497500000000002,0.6620324738525227,18.18261879365867,38.27746308334301,0.9802864370603682,False,1.0,29.999999999999996,-22.497500000000002,-2.1440521477374477e-21,653,3.285857697044037e-11
-21.997500000000002,0.6653028759765901,17.850771542556842,37.904696190316955,0.9635910871929686,False,1.0,30.000000000000004,-21.997500000000002,5.725413327847036e-20,651,3.2152863704837387e-11
-21.497500000000002,0.6682328759887713,17.51737275054577,37.537748394108064,0.9466515114992445,False,1.0,30.0,-21.497500000000002,-4.2272238023909926e-20,648,3.149301652793923e-11
-20.997500000000002,0.6707870966284828,17.18260139517646,37.17673614350362,0.9294654107866032,False,1.0,30.0,-20.997500000000002,-1.0984958534704208e-20,647,3.063960196669768e-11
-20.497500000000002,0.6729285563056706,16.84665454558723,36.82177752769776,0.9120307461962445,False,1.0,30.000000000000004,-20.497500000000002,1.9587636905255695e-21,645,2.9848651328379106e-11
-19.997500000000002,0.6746187236735545,16.509748151831378,36.47299223708164,0.8943456716467483,False,1.0,30.000000000000004,-19.997500000000002,4.8069119756681544e-20,643,2.9033275783518775e-11
-19.497500000000002,0.6758175927574678,16.172117801880155,36.13050151187832,0.8764085035670344,False,1.0,30.0,-19.497500000000002,-5.2568982288970015e-20,642,2.8102783988792623e-11
-18.997500000000002,0.676483780689691,15.834019435483931,35.794428078039445,0.8582177403913598,False,1.0,30.000000000000004,-18.997500000000002,1.2308447514789052e-20,639,2.7314775441489303e-11
-18.497500000000002,0.676574650071705,15.495730003096154,35.46489606984169,0.8397720826789175,False,1.0,30.0,-18.497500000000002,-2.2287554424628778e-20,637,2.6433341626663776e-11
-17.997500000000002,0.6760464578965961,15.157548057052278,35.14203093865571,0.8210705846929979,False,1.0,30.0,-17.997500000000002,1.138200522872966e-21,635,2.5534921399561483e-11
-17.497500000000002,0.6748545328609955,14.81979426127005,34.82595934738594,0.8021124125053181,False,1.0,30.0,-17.497500000000002,-5.532183936754649e-20,633,2.460027320738689e-11
-16.997500000000002,0.6729534826930377,14.482811804843939,34.51680905013257,0.7828969159291979,False,1.0,30.0,-16.997500000000002,3.5654793123485705e-20,631,2.367120388591104e-11
-16.497500000000002,0.6702974328823386,14.146966704185964,34.21470875667505,0.7634238139839891,False,1.0,30.000000000000004,-16.497500000000002,-5.423657840387692e-20,629,2.3796131731756986e-11
-15.9975,0.6668402978684486,13.812647977716106,33.91978798144904,0.7436931368427036,False,1.0,29.999999999999996,-15.9975,1.384369473168747e-20,625,2.2567837355824683e-11
-15.4975,0.6625360853515128,13.480267676692167,33.632176876760724,0.7237057049935447,False,1.0,30.0,-15.4975,3.546950466627383e-21,624,2.1366950309770205e-11
-14.9975,0.6573392338935213,13.150260755573658,33.35200605006744,0.7034618134091863,False,1.0,30.0,-14.9975,5.810116622572466e-20,622,2.0193491843956135e-11
-14.4975,0.6512049834395833,12.823084765308552,33.0794063652618,0.6829627158833673,False,1.0,30.0,-14.4975,-1.0614381620280451e-20,620,1.8930433609565256e-11
-13.9975,0.64408977771387,12.499219353348002,32.81450872800218,0.6622101654940242,False,1.0,30.0,-13.9975,5.812763600532636e-20,618,1.796771759154936e-11
-13.4975,0.6359516967477575,12.179165554828607,32.557443855252345,0.6412057981803542,False,1.0,29.999999999999996,-13.4975,-2.710505431213761e-20,614,1.7179022093749552e-11
-12.9975,0.6267509169867357,11.863444860476847,32.30834202933936,0.6199523912010568,False,1.0,30.0,-12.9975,2.2711070898255928e-20,613,1.6132498115162264e-11
-12.4975,0.6164501955702747,11.552598048266168,32.06733283696869,0.5984525287698865,False,1.0,30.0,-12.4975,-1.8290617704772548e-20,610,1.7677632632457502e-11
-11.9975,0.6050153744882579,11.247183767749089,31.834544893804843,0.5767096484486635,False,1.0,30.0,-11.9975,-1.0773200297890632e-20,607,1.6422450259487992e-11
-11.4975,0.5924158993684179,10.94777686842578,31.61010555538339,0.5547277616537141,False,1.0,30.0,-11.4975,3.7957663948833334e-20,603,1.5208480742129327e-11
-10.9975,0.5786253467323198,10.654966466323252,31.39414061528649,0.5325110142900052,False,1.0,30.0,-10.9975,2.813737571660379e-20,602,1.3934407284716538e-11
-10.4975,0.5636219526341988,10.369353746290328,31.186773991702438,0.5100643421170412,False,1.0,30.000000000000004,-10.4975,-1.641126335305207e-20,600,1.2715112383127058e-11
-9.9975,0.5473891347471185,10.091549501258509,30.988127403659533,0.4873932130698248,False,1.0,30.0,-9.9975,-2.355810384551023e-21,599,1.1550486749781902e-11
-9.4975,0.5299159991763882,9.82217141390185,30.798320038409233,0.46450368316765833,False,1.0,30.000000000000004,-9.4975,1.9574402015454847e-20,596,1.180314700144347e-11
-8.9975,0.5111978226415635,9.561841090646793,30.61746821160934,0.4414021549988032,False,1.0,30.0,-8.9975,2.9381455357883543e-21,593,1.0720998741553522e-11
-8.4975,0.49123650016679116,9.311180862795279,30.44568502213247,0.41809570756629344,False,1.0,30.0,-8.4975,8.801201717564214e-21,591,9.678384829681086e-12
-7.9975000000000005,0.4700409481264121,9.070810374535268,30.283080003491513,0.39459196466217905,False,1.0,30.0,-7.9975000000000005,4.1689902872672595e-21,588,8.677145807434172e-12
-7.4975000000000005,0.4476274524230957,8.841342982724797,30.12975877401886,0.37089910467595244,False,1.0,30.0,-7.4975000000000005,-1.1924635710564447e-20,586,7.719152140400753e-12
-6.9975000000000005,0.4240199517597651,8.623381998400726,29.985822688080635,0.34702591422722295,False,1.0,29.999999999999996,-6.9975000000000005,-9.410006648403243e-21,583,7.1624511877033115e-12
-6.4975000000000005,0.39925024643682555,8.417516804881235,29.851368490721832,0.32298155194925926,False,1.0,30.000000000000004,-6.4975000000000005,-9.701174224021909e-21,579,6.707044641895976e-12
-5.9975000000000005,0.37335812387171624,8.224318891947057,29.726487978227567,0.29877576293789715,False,1.0,30.0,-5.9975000000000005,-6.921847365843736e-21,577,5.792689244943361e-12
-5.4975000000000005,0.346391393101132,8.044337849722762,29.611267667161076,0.2744188036233666,False,1.0,30.0,-5.4975000000000005,1.0587911840678754e-22,573,5.751437303844198e-12
-4.9975000000000005,0.3184058218838508,7.878097369414787,29.505788474479022,0.24992156208737512,False,1.0,29.999999999999996,-4.9975000000000005,-3.798413372843503e-21,569,4.8003289711273656e-12
-4.4975000000000005,0.28946497167298413,7.726091300877506,29.410125411321346,0.2252950510408062,False,1.0,30.0,-4.4975000000000005,-3.65282958503417e-21,566,4.193866608159791e-12
-3.9975,0.259639927603187,7.5887798188617195,29.324347293059564,0.20055101958249996,False,1.0,30.0,-3.9975,1.1329065669526267e-20,561,3.658393032957008e-12
-3.4975,0.22900892273844786,7.466585750716627,29.248516468117547,0.17570139221328976,False,1.0,30.0,-3.4975,1.1117307432712692e-21,558,3.0576097209689124e-12
-2.9975,0.19765685807290403,7.359891118143007,29.18268856798217,0.15075864689279084,False,1.0,30.0,-2.9975,-1.819797347616661e-21,553,2.496891148701108e-12
-2.4975,0.16567472210410494,7.26903394425879,29.126912280688895,0.12573539401606185,False,1.0,30.0,-2.4975,-3.844735487146473e-21,547,2.0950385523632598e-12
-1.9975,0.13315891615206352,7.194305374748047,29.081229149894877,0.1006446500718732,False,1.0,30.0,-1.9975,4.5891980384441975e-21,540,1.6485751565958884e-12
-1.4975,0.10021049388217225,7.135947158198941,29.045673401448926,0.07549966136506547,False,1.0,29.999999999999996,-1.4975,-1.5120861597469346e-21,530,1.2885648494401214e-12
-0.9975,0.0669343256289359,7.0941495259622895,29.02027179913452,0.05031380552012868,False,1.0,30.0,-0.9975,2.2598574334948716e-21,518,8.299723755489374e-13
-0.575,0.03864009990682764,7.071842558514763,29.006737132493274,0.029009927266511897,False,1.0,30.0,-0.575,5.583469134732937e-22,496,5.474648241254182e-13
-0.25,0.0168099569722573,7.062830877980883,29.001273646346853,0.01261423769578359,False,1.0,30.0,-0.25,2.8248217918685895e-22,462,2.69545064030376e-13
0.0,0.0,7.060729488943061,29.0,0.0,False,1.0,30.0,0.0,0.0,400,2.7755575615628914e-17
0.25,-0.0168099569722573,7.062830877980883,29.001273646346853,0.01261423769578359,False,1.0,30.0,-2.8248217918685895e-22,0.25,462,2.69545064030376e-13
0.575,-0.03864009990682764,7.071842558514763,29.006737132493274,0.029009927266511897,False,1.0,30.0,-8.139457227521792e-22,0.575,496,5.474630894019422e-13
0.9975,-0.0669343256289359,7.0941495259622895,29.02027179913452,0.05031380552012868,False,1.0,30.0,-2.034864306880448e-21,0.9975,518,8.299741102724134e-13
1.4975,-0.10021049388217224,7.135947158198941,29.045673401448926,0.07549966136506547,False,1.0,29.999999999999996,-4.069728613760896e-22,1.4975,530,1.2885668010040319e-12
1.9975,-0.13315891615206352,7.194305374748047,29.081229149894877,0.1006446500718732,False,1.0,30.0,-1.2010662494269962e-21,1.9975,540,1.6485751565958884e-12
2.4975,-0.16567472210410494,7.26903394425879,29.126912280688895,0.12573539401606185,False,1.0,30.0,2.8256489724811425e-21,2.4975,547,2.0950385523632598e-12
2.9975,-0.19765685807290403,7.359891118143007,29.18268856798217,0.15075864689279084,False,1.0,30.0,1.819797347616661e-21,2.9975,553,2.496891148701108e-12
3.4975,-0.22900892273844786,7.466585750716628,29.24851646811755,0.17570139221328976,False,1.0,30.0,8.609295815451912e-21,3.4975,558,3.0576097209689124e-12
3.9975,-0.259639927603187,7.5887798188617195,29.324347293059564,0.20055101958249996,False,1.0,30.0,1.3234889800848443e-21,3.9975,561,3.658391298233532e-12
4.4975000000000005,-0.28946497167298413,7.726091300877506,29.410125411321346,0.2252950510408062,False,1.0,30.0,-9.899697571034635e-21,4.4975000000000005,566,4.193867475521529e-12
4.9975000000000005,-0.3184058218838508,7.878097369414787,29.505788474479022,0.24992156208737512,False,1.0,29.999999999999996,3.798413372843503e-21,4.9975000000000005,569,4.8003281037656276e-12
5.4975000000000005,-0.346391393101132,8.044337849722762,29.611267667161076,0.2744188036233666,False,1.0,30.0,1.9322939109238726e-20,5.4975000000000005,573,5.751439472248543e-12
5.9975000000000005,-0.37335812387171624,8.224318891947057,29.726487978227567,0.29877576293789715,False,1.0,30.0,1.0323214044661785e-21,5.9975000000000005,577,5.792689244943361e-12
6.4975000000000005,-0.39925024643682555,8.417516804881235,29.851368490721832,0.32298155194925926,False,1.0,30.000000000000004,-1.7403880088115702e-20,6.4975000000000005,579,6.707044641895976e-12
6.9975000000000005,-0.4240199517597651,8.623381998400726,29.985822688080635,0.34702591422722295,False,1.0,29.999999999999996,-4.1425205076655626e-21,6.9975000000000005,583,7.1624511877033115e-12
7.4975000000000005,-0.4476274524230957,8.841342982724797,30.12975877401886,0.37089910467595244,False,1.0,30.0,1.7205356741102976e-22,7.4975000000000005,586,7.719152140400753e-12
7.9975000000000005,-0.4700409481264121,9.070810374535268,30.283080003491513,0.39459196466217905,False,1.0,30.0,3.520480687025686e-21,7.9975000000000005,588,8.677147542157648e-12
8.4975,-0.49123650016679116,9.311180862795279,30.44568502213247,0.41809570756629344,False,1.0,30.0,-1.4677492789140923e-20,8.4975,591,9.678384829681086e-12
8.9975,-0.5111978226415635,9.561841090646793,30.61746821160934,0.4414021549988032,False,1.0,30.0,-2.8243254835010577e-20,8.9975,593,1.0721002211000474e-11
9.4975,-0.5299159991763882,9.82217141390185,30.798320038409233,0.46450368316765833,False,1.0,30.000000000000004,-1.1884931041161902e-20,9.4975,596,1.180314700144347e-11
9.9975,-0.5473891347471185,10.091549501258509,30.988127403659533,0.4873932130698248,False,1.0,30.0,1.410839252770444e-20,9.9975,599,1.155050062756971e-11
10.4975,-0.5636219526341988,10.369353746290328,31.186773991702438,0.5100643421170412,False,1.0,30.000000000000004,-1.8396496823179335e-20,10.4975,600,1.271511232891695e-11
10.9975,-0.5786253467323198,10.654966466323252,31.39414061528649,0.5325110142900052,False,1.0,30.0,1.8422966602781032e-20,10.9975,602,1.3934407338926647e-11
11.4975,-0.5924158993684179,10.94777686842578,31.61010555538339,0.5547277616537141,False,1.0,30.0,-3.7957663948833334e-20,11.4975,603,1.5208480850549544e-11
11.9975,-0.6050153744882579,11.247183767749089,31.834544893804843,0.5767096484486635,False,1.0,30.0,-8.655617929754882e-21,11.9975,607,1.6422450259487992e-11
12.4975,-0.6164501955702747,11.552598048266168,32.06733283696869,0.5984525287698865,False,1.0,30.0,1.4690727678941772e-20,12.4975,610,1.7677625693563598e-11
12.9975,-0.6267509169867357,11.863444860476847,32.30834202933936,0.6199523912010568,False,1.0,30.0,1.9746455582865877e-20,12.9975,613,1.6132505054056168e-11
13.4975,-0.6359516967477575,12.179165554828607,32.557443855252345,0.6412057981803542,False,1.0,29.999999999999996,1.5352472168984194e-20,13.4975,614,1.7179022093749552e-11
13.9975,-0.6440897777138699,12.499219353348,32.81450872800218,0.6622101654940242,False,1.0,30.0,-3.102258169318875e-20,13.9975,618,1.7967724530443263e-11
14.4975,-0.6512049834395833,12.82308476530855,33.0794063652618,0.6829627158833673,False,1.0,30.0,-1.2890782666026383e-20,14.4975,620,1.8930433609565256e-11
14.9975,-0.6573392338935213,13.150260755573658,33.35200605006744,0.7034618134091863,False,1.0,30.0,-1.9243529770433636e-20,14.9975,622,2.0193491843956135e-11
15.4975,-0.6625360853515128,13.480267676692167,33.632176876760724,0.7237057049935447,False,1.0,30.0,-2.702564497333252e-20,15.4975,624,2.1366950309770205e-11
15.9975,-0.6668402978684486,13.812647977716106,33.91978798144904,0.7436931368427036,False,1.0,29.999999999999996,-1.384369473168747e-20,15.9975,625,2.2567844294718586e-11
16.497500000000002,-0.6702974328823386,14.146966704185964,34.21470875667505,0.7634238139839891,False,1.0,30.000000000000004,-1.1752582143153417e-20,16.497500000000002,629,2.3796131298076117e-11
16.997500000000002,-0.6729534826930377,14.482811804843935,34.51680905013257,0.7828969159291979,False,1.0,30.0,5.741295195608054e-20,16.997500000000002,631,2.3671196947017137e-11
17.497500000000002,-0.6748545328609955,14.81979426127005,34.82595934738594,0.8021124125053181,False,1.0,30.0,3.1816675081239656e-20,17.497500000000002,633,2.4600259329599083e-11
17.997500000000002,-0.6760464578965961,15.157548057052278,35.14203093865571,0.8210705846929979,False,1.0,30.0,-1.138200522872966e-21,17.997500000000002,635,2.5534921399561483e-11
18.497500000000002,-0.676574650071705,15.495730003096158,35.46489606984169,0.8397720826789175,False,1.0,30.0,3.764002659361297e-20,18.497500000000002,637,2.6433341626663776e-11
18.997500000000002,-0.676483780689691,15.834019435483931,35.794428078039445,0.8582177403913598,False,1.0,30.000000000000004,3.044024654195142e-21,18.997500000000002,639,2.7314775441489303e-11
19.497500000000002,-0.6758175927574678,16.172117801880155,36.13050151187832,0.8764085035670344,False,1.0,30.0,-1.7020068283891097e-20,19.497500000000002,642,2.8102783988792623e-11
19.997500000000002,-0.6746187236735545,16.509748151831378,36.47299223708164,0.8943456716467483,False,1.0,30.000000000000004,-4.8069119756681544e-20,19.997500000000002,643,2.9033275783518775e-11
20.497500000000002,-0.6729285563056705,16.84665454558723,36.82177752769776,0.9120307461962445,False,1.0,30.000000000000004,1.3393708478458624e-20,20.497500000000002,645,2.9848665206166913e-11
20.997500000000002,-0.6707870966284827,17.18260139517646,37.17673614350362,0.9294654107866032,False,1.0,30.0,-5.1377842206893655e-20,20.997500000000002,647,3.063961584448549e-11
21.497500000000002,-0.6682328759887713,17.51737275054577,37.537748394108064,0.9466515114992445,False,1.0,30.0,-1.1937870600365295e-20,21.497500000000002,648,3.149301652793923e-11
21.997500000000002,-0.6653028759765901,17.850771542556842,37.904696190316955,0.9635910871929686,False,1.0,30.000000000000004,-5.725413327847036e-20,21.997500000000002,651,3.2152863704837387e-11
22.497500000000002,-0.6620324738525227,18.18261879365867,38.27746308334301,0.9802864370603682,False,1.0,29.999999999999996,-1.3208420021246746e-20,22.497500000000002,653,3.285857697044037e-11
22.997500000000002,-0.6584554065087264,18.512752805971783,38.65593429244602,0.9967396265056476,False,1.0,30.0,-2.440513679276453e-20,22.997500000000002,654,3.362009282081857e-11
23.497500000000002,-0.6546037509624674,18.841028335585754,39.03999672160608,1.0129529751224569,False,1.0,30.0,-4.870439446712227e-20,23.497500000000002,656,3.426293970765215e-11
23.997500000000002,-0.650507919459488,19.167315760825495,39.429538965832954,1.02892887968037,False,1.0,30.0,-3.729591945879091e-20,23.997500000000002,658,3.4874519938554727e-11
24.497500000000002,-0.6461966673572878,19.491500251345112,39.82445130770279,1.0446698590436638,False,1.0,30.000000000000004,-2.1890507730603324e-20,24.497500000000002,660,3.546209159654978e-11
24.997500000000002,-0.6416971120501571,19.813480943983734,40.22462570471705,1.060178923209333,False,1.0,30.0,-8.134163271601453e-20,24.997500000000002,662,3.600630904543323e-11
25.497500000000002,-0.6370347613174636,20.133170130515186,40.62995576806796,1.0754581363718838,False,1.0,30.0,2.9381455357883543e-20,25.497500000000002,663,3.659797465083159e-11
25.997500000000002,-0.6322335495987679,20.450492461601442,41.0403367333731,1.0905100678898683,False,1.0,29.999999999999996,-3.48606997354348e-20,25.997500000000002,665,3.7074177061668934e-11
26.497500000000002,-0.6273158808118454,20.765384170586167,41.45566542394807,1.10533803405348,False,1.0,30.000000000000004,-4.4575108849257555e-20,26.497500000000002,667,3.7517947082399417e-11
26.997500000000002,-0.6223026764684515,21.077792320066475,41.87584020715171,1.1199440618182754,False,1.0,30.0,1.5061304593365528e-20,26.997500000000002,668,3.800425252276085e-11
27.497500000000002,-0.6172134279522808,21.38767407361013,42.30076094433946,1.1343309017839713,False,1.0,30.0,-1.9825864921670967e-20,27.497500000000002,670,3.8380701394835626e-11
27.997500000000002,-0.6120662519415861,21.694995994433768,42.73032893494897,1.1485016246171946,False,1.0,30.0,-9.399418736562564e-20,27.997500000000002,671,3.8798214641033724e-11
28.497500000000002,-0.6068779480861618,21.999733372390057,43.16444685521252,1.1624580729617335,False,1.0,30.0,6.215104250478429e-20,28.497500000000002,674,3.9039244059679845e-11
28.997500000000002,-0.6016640581306878,22.30186958019559,43.603018692011496,1.1762039211527628,False,1.0,30.0,-1.9905274260476058e-20,28.997500000000002,675,3.939022719112728e-11
29.497500000000002,-0.5964389258094911,22.601395459423895,44.04594967234243,1.1897405542265285,False,1.0,30.0,7.848289651903127e-20,29.497500000000002,677,3.963845918164566e-11
29.997500000000002,-0.5912157568929352,22.898308736524825,44.49314618890253,1.2030716143383395,False,1.0,30.0,-3.3616620094155045e-20,29.997500000000002,678,3.992572938926742e-11
30.497500000000002,-0.5860066788888578,23.192613468793713,44.94451572225685,1.2161984451935535,False,1.0,30.0,-9.08972231522271e-20,30.497500000000002,679,4.0223685493501193e-11
30.997500000000002,-0.5808227996830934,23.48431952021101,45.399966758729114,1.229124639267171,False,1.0,30.0,-1.334076891925523e-19,30.997500000000002,679,5.5647680907711106e-11
31.497500000000002,-0.5756742663761681,23.773442065352157,45.85940871274855,1.2418514976265032,False,1.0,30.0,7.093900933254765e-20,31.497500000000002,679,5.596069441171636e-11
31.997500000000002,-0.5705703202356989,24.0600011241409,46.32275183440614,1.2543820153937393,False,1.0,30.0,2.286988957586611e-20,31.997500000000002,680,4.107908457839926e-11
32.4975,-0.5655193510653911,24.344021122235077,46.78990712287963,1.2667181316769947,False,1.0,30.0,1.4320150764518015e-20,32.4975,680,5.614739229109489e-11
32.9975,-0.5605289525498943,24.625530478550367,47.26078625007573,1.27886169443493,False,1.0,30.000000000000004,-2.4087499437544166e-20,32.9975,681,4.149226795480132e-11
33.4975,-0.5556059690504983,24.904561219539147,47.735301456198954,1.2908157222654308,False,1.0,30.000000000000004,1.0662027223563506e-19,33.4975,681,5.595811314318411e-11
33.9975,-0.5507565482246038,25.18114861805734,48.213365478839584,1.302581283133213,False,1.0,30.0,6.659796547786936e-20,33.9975,682,4.18072798602509e-11
34.4975,-0.5459861834079366,25.455330854497074,48.69489145045409,1.3141604100704443,False,1.0,30.000000000000004,4.648093298057973e-20,34.4975,682,5.550682136146179e-11
34.9975,-0.541299761303379,25.727148703516207,49.17979282685042,1.3255557253346226,False,1.0,30.0,-2.7237403210146095e-20,34.9975,682,5.5239576801646706e-11
35.4975,-0.5367016013935564,25.996645239124074,49.66798329461231,1.3367681834113203,False,1.0,30.0,-6.527447649778452e-20,35.4975,683,4.2142150880053464e-11
35.9975,-0.532195495822869,26.263865561060978,50.159376691598226,1.3477994976421828,False,1.0,30.0,8.26187995817964e-21,35.9975,684,4.223177363371633e-11
36.4975,-0.5277847475393695,26.528856541853784,50.65388693272549,1.3586517041118291,False,1.0,30.0,-5.382960554250083e-20,36.4975,684,5.419588389177221e-11
36.9975,-0.5234722054546218,26.79166659167159,51.15142793734622,1.3693262711337024,False,1.0,29.999999999999996,-2.197653451430884e-20,36.9975,685,4.230238381808249e-11
37.4975,-0.5192602955915907,27.052345435445798,51.651913552919424,1.3798243048133692,False,1.0,30.0,5.1252110753785595e-21,37.4975,685,5.3391985277428944e-11
37.9975,-0.5151510544446443,27.310943915333514,52.155257503117376,1.3901471892596569,False,1.0,30.0,-1.0025429024142695e-20,37.9975,685,5.300372640792972e-11
38.4975,-0.5111461560242573,27.5675137987028,52.661373323350354,1.4002962296014059,False,1.0,30.0,2.4749243927586588e-20,38.4975,686,4.231787142927601e-11
38.9975,-0.5072469389048032,27.822107603477434,53.17017431089797,1.4102731773157027,False,1.0,30.0,2.0666280424024843e-20,38.9975,686,5.2166659880725774e-11
39.4975,-0.5034544325369198,28.07477844163179,53.6815734908261,1.420078663226289,False,1.0,30.000000000000004,-4.129285617864714e-21,39.4975,686,5.177420991930859e-11
39.9975,-0.4997693790937618,28.32557986500344,54.19548357424279,1.4297137325364626,False,1.0,30.0,1.1143777212314389e-20,39.9975,686,5.1384937971299394e-11
40.4975,-0.4961922559150146,28.57456573057978,54.7118169395111,1.4391794004585885,False,1.0,29.999999999999996,1.7185504406401703e-20,40.4975,687,4.217762250569024e-11
40.9975,-0.4927232948576747,28.82179006941087,55.23048561218181,1.4484766185427524,False,1.0,30.000000000000004,-2.8587361969832636e-21,40.9975,687,5.0574058829688795e-11
41.4975,-0.48936250195178455,29.067306975004254,55.751401271354155,1.4576062799668803,False,1.0,30.000000000000004,-4.1656815648170474e-20,41.4975,687,5.0202911272556605e-11
41.9975,-0.48610967348976325,29.31117048821811,56.274475246832786,1.4665692236214596,False,1.0,30.0,1.6206122561138918e-20,41.9975,687,4.98397295656261e-11
42.4975,-0.48296441255174505,29.55343450045935,56.799618544026394,1.4753662397439984,False,1.0,30.0,1.3301064249852685e-21,42.4975,688,4.188964453089028e-11
42.9975,-0.47992614326599164,29.794152657244393,57.326741868489314,1.4839982416047937,False,1.0,30.000000000000004,6.6174449004242214e-21,42.9975,689,4.172613643493861e-11
43.4975,-0.4769941248601728,30.03337827577345,57.85575567402682,1.4924657771201402,False,1.0,30.000000000000004,-2.2333876538931747e-20,43.4975,689,4.866786140755863e-11
43.9975,-0.4741674642902645,30.27116426654429,58.38657021884202,1.5007694793268735,False,1.0,30.0,-2.384265397622847e-20,43.9975,690,4.146039067620677e-11
44.4975,-0.4714451272211642,30.507563052455563,58.91909561836491,1.5089100024370583,False,1.0,30.0,8.351215464335367e-21,44.4975,690,4.7921860923949566e-11
44.9975,-0.4688259499580713,30.742626512617278,59.45324194333712,1.5168879837972566,False,1.0,30.0,7.72917564369549e-21,44.9975,691,4.1218022051037195e-11
45.4975,-0.46630864854179027,30.97640590833798,59.98891928846143,1.5247040493909665,False,1.0,30.0,6.0218748593860415e-21,45.4975,692,4.1019299068523196e-11
45.9975,-0.4638918288747539,31.20895183339297,60.5260378863101,1.532358821615337,False,1.0,30.000000000000004,-2.2797097681961443e-20,45.9975,692,4.6851016122229083e-11
46.4975,-0.46157399554636175,31.440314161281844,61.06450821788091,1.5398529263486036,False,1.0,30.000000000000004,-2.4100734327345014e-20,46.4975,693,4.070038750469962e-11
46.9975,-0.4593535595960499,31.670541988323862,61.604241116947264,1.5471869989591949,False,1.0,30.0,-3.158506450972481e-20,46.9975,693,4.615742510427623e-11
47.4975,-0.4572288472464674,31.899683601461636,62.145147920073235,1.5543616924483947,False,1.0,30.0,6.16084120229495e-21,47.4975,695,4.032764400196953e-11
47.9975,-0.45519810647900666,32.127786424211926,62.68714057719163,1.5613776828864951,False,1.0,30.000000000000004,-1.8442818937482305e-20,47.9975,695,4.543615483854069e-11
48.4975,-0.4532595150296156,32.354896992919706,63.230131816007045,1.5682358280155335,False,1.0,30.0,6.266720320701738e-21,48.4975,713,3.998345404765402e-11
48.9975,-0.4514111863891162,32.58106091059998,63.77403526444584,1.5749368139961966,True,1.0,30.0,1.1209951661318631e-20,48.9975,725,3.98583943628239e-11
49.4975,-0.44965117694204204,32.80632282583604,64.31876561465654,1.5814813603641171,True,1.0,30.0,-1.0614381620280451e-20,49.4975,734,3.963137457096977e-11
49.9975,-0.44797749200752945,33.030726401530906,64.86423876474257,1.5878702972636742,True,1.0,30.0,-3.610477937671455e-20,49.9975,741,3.94034041506508e-11
50.4975,-0.44638809199895135,33.2543142917685,65.41037196921413,1.5941045071039084,True,1.0,30.0,-5.763794508269497e-21,50.4975,744,3.9274035412706354e-11
50.9975,-0.4448808983464307,33.47712812084911,65.95708398621453,1.600184928979161,True,1.0,30.0,-2.5874209560658706e-21,50.9975,748,3.900706840864743e-11
51.4975,-0.44345379924181455,33.69920846524453,66.50429522156959,1.6061125625367623,True,1.0,30.0,2.5986706123965917e-20,51.4975,750,3.8776815092234074e-11
51.9975,-0.44210465523434506,33.92059483837882,67.05192786803052,1.6118884712552086,True,1.0,30.0,2.1275085354863872e-20,51.9975,752,3.8645579791829476e-11
52.4975,-0.44083130467115555,34.141325678181275,67.5999060384006,1.6175137851079286,True,1.0,29.999999999999996,8.218866566326883e-21,52.4975,754,3.841448686925375e-11
52.9975,-0.439631568982694,34.361438337308634,68.14815589123316,1.6229897026029598,True,1.0,30.0,-3.711724844647946e-20,52.9975,756,3.8184337636248955e-11
53.4975,-0.43850325782188626,34.58096907597732,68.69660574787342,1.6283174921837484,True,1.0,30.0,-4.6719160996995e-21,53.4975,758,3.79961687113628e-11
53.9975,-0.4374441740444893,34.79995305732808,69.2451861998384,1.6334988112570217,True,1.0,30.0,3.5105545196750495e-20,53.9975,760,3.7765790494859175e-11
54.4975,-0.43645211852354654,35.01842434523789,69.79383020565871,1.6385348586715294,True,1.0,30.0,-1.5319384944482073e-20,54.4975,763,3.748176075069054e-11
54.9975,-0.4355248947921476,35.236415904494265,70.34247317644291,1.6434270087223266,True,1.0,30.0,-5.094770828836608e-20,54.9975,765,3.7220143633831526e-11
55.4975,-0.4346603135041286,35.45395960324749,70.89105304960728,1.6481768083335264,True,1.0,30.0,1.3287829360051837e-20,55.4975,767,3.7034840472127684e-11
55.9975,-0.4338561967013001,35.671086217654995,71.43951035042716,1.652785872268188,True,1.0,30.0,2.249269521654193e-20,55.9975,769,3.680835497510415e-11
56.4975,-0.4331103818734358,35.88782543858978,71.98778824120508,1.6572558810659428,True,1.0,29.999999999999996,1.2705494208814505e-21,56.4975,771,3.653212454768351e-11
56.9975,-0.4324207258054442,36.10420588033786,72.53583255799742,1.6615885785167295,True,1.0,30.0,2.124199813036175e-21,56.9975,772,3.6309580342397396e-11
57.4975,-0.4317851082025487,36.32025509116436,73.08359183501999,1.6657857687187478,True,1.0,30.0,-1.2103306722875901e-20,57.4975,775,3.603917164696213e-11
57.9975,-0.4312014350776922,36.535999565630725,73.63101731705659,1.6698493127771823,True,1.0,30.0,-9.621764885216818e-21,57.9975,775,3.587826563622443e-11
58.4975,-0.4306676419069419,36.751464758448385,74.17806296012105,1.6737813356686615,True,1.0,30.0,-1.087907941629742e-20,58.4975,795,3.564225303787083e-11
58.9975,-0.430181696529146,36.96667510028512,74.72468542121503,1.677583724228587,True,1.0,29.999999999999996,5.518949046953801e-21,58.9975,801,3.542673099321547e-11
59.4975,-0.42974160181180143,37.18165401417579,75.27084403715773,1.681258334092851,True,1.0,29.999999999999996,-5.1377842206893655e-20,59.4975,807,3.5166883294301954e-11
59.9975,-0.42934539805338656,37.396423933898255,75.81650079404831,1.6848072140422048,True,1.0,30.0,3.3444566526744015e-20,59.9975,811,3.5039429691074986e-11
60.4975,-0.42899116514854185,37.61100632320438,76.36162028728148,1.6882324498776842,True,1.0,30.0,3.041377676234972e-20,60.4975,817,3.5243780116545054e-11
60.9975,-0.4286770244927304,37.825421696094246,76.906169673607,1.6915361600328798,True,1.0,30.0,-1.785386634134455e-20,60.9975,821,3.606490106555782e-11
61.4975,-0.4284011406574271,38.039689637991955,77.45011861541954,1.6947204911587523,True,1.0,30.0,-1.394957385009426e-20,61.4975,825,3.661811132094073e-11
61.9975,-0.4281617228161663,38.253828827708624,77.99343921881125,1.6977876137512846,True,1.0,30.0,5.829968957273739e-20,61.9975,828,3.679385962573889e-11
62.4975,-0.4279570259497825,38.46785706004375,78.53610596543439,1.700739717827794,True,1.0,30.0,-2.6535954050701128e-20,62.4975,831,3.675580673156986e-11
62.9975,-0.4277853518198051,38.681791268953916,79.07809563996801,1.7035790087140352,True,1.0,30.0,9.407359670443073e-20,62.9975,835,3.6389585789109447e-11
63.4975,-0.427645049734847,38.89564755112569,79.61938725311154,1.7063077029453508,True,1.0,30.0,4.0498762790596235e-20,63.4975,837,3.5835057143884796e-11
63.9975,-0.42753451711725565,39.109441189914236,80.1599619613644,1.7089280243198075,True,1.0,30.0,-4.894262248353754e-20,63.9975,840,3.58448271065015e-11
64.4975,-0.4274521998701016,39.323186679505156,80.699802984455,1.7114422001344738,True,1.0,30.0,-1.733770563911146e-20,64.4975,843,3.47474965467498e-11
64.9975,-0.42739659257399226,39.53689774918336,81.23889552050241,1.7138524576021812,True,1.0,30.0,8.973255284975244e-21,64.9975,844,3.466017750586303e-11
65.4975,-0.4273662385145628,39.75058738771748,81.77722666042625,1.7161610204746207,True,1.0,30.0,3.951938094533345e-20,65.4975,848,3.302910722702279e-11
65.9975,-0.4273597295508065,39.96426786766035,82.31478530136631,1.7183701058827043,True,1.0,30.0,-5.292632431359292e-20,65.9975,850,3.265305387190054e-11
66.4975,-0.42737570584951773,40.17795076959428,82.85156206036558,1.7204819213873426,True,1.0,29.999999999999996,-2.5530102425836646e-20,66.4975,851,3.253975561223754e-11
66.9975,-0.42741285548752883,40.391647006183454,83.38754918825661,1.722498662193406,True,1.0,30.0,-5.777029398070345e-20,66.9975,855,3.231918899171404e-11
67.4975,-0.42746991393280254,40.60536684598534,83.92274048449592,1.7244225087490261,True,1.0,30.0,-8.255924257769259e-20,67.4975,857,3.214040839027987e-11
67.9975,-0.4275456634284381,40.819119937032454,84.45713121337839,1.7262556245016967,True,1.0,30.000000000000004,-2.1864037951001628e-20,67.9975,858,3.2030413044115136e-11
68.4975,-0.4276389322803021,41.032915330018604,84.99071802166132,1.7280001536997025,True,1.0,30.0,-5.1126379300677535e-20,68.4975,862,3.178772522982598e-11
68.9975,-0.42774859405784715,41.24676150114225,85.52349885825298,1.729658219649158,True,1.0,30.0,-1.1911400820763599e-21,68.9975,863,3.1680130740951995e-11
69.4975,-0.42787356673464283,41.46066637452473,86.05547289587861,1.731231922974532,True,1.0,30.0,-6.1145190879919806e-21,69.4975,865,3.1508504139132754e-11
69.9975,-0.42801281175677564,41.67463734418405,86.58664045520888,1.732723340326938,True,1.0,30.0,-7.886670832325587e-20,69.9975,868,3.1303036551744157e-11
70.4975,-0.42816533306515797,41.88868129552572,87.11700293141274,1.7341345232134484,True,1.0,30.000000000000004,1.2440796412797536e-21,70.4975,869,3.11985090539757e-11
70.9975,-0.4283301760769143,42.1028046263378,87.64656272329957,1.7354674964428556,True,1.0,29.999999999999996,2.2380198653234717e-20,70.9975,871,3.1033148273351685e-11
71.4975,-0.42850642662590743,42.3170132672678,88.17532316524267,1.7367242580389428,True,1.0,30.0,-9.595295105615121e-21,71.4975,873,3.0895515312767685e-11
71.9975,-0.42869320988261944,42.53131270175842,88.70328846179046,1.7379068802667406,True,1.0,30.0,7.213014941462401e-20,71.9975,875,3.0733429690066316e-11
72.4975,-0.42888968924961857,42.74570798544407,89.23046362512815,1.7390174660778104,True,1.0,30.0,-1.7867101231145398e-20,72.4975,877,3.0633516556743956e-11
72.9975,-0.42909506524771185,42.960203764985735,89.75685441530574,1.7400576779102936,True,1.0,30.000000000000004,5.177488890091911e-20,72.9975,880,3.047493507546406e-11
73.4975,-0.4293085743890878,43.174804296347425,90.28246728330394,1.7410293969533426,True,1.0,30.0,-3.809001284684182e-20,73.4975,883,3.034263118539826e-11
73.9975,-0.42952948805313934,43.38951346251749,90.80730931684795,1.7419344749777426,True,1.0,29.999999999999996,1.0640851399882148e-20,73.9975,885,3.018723465642026e-11
74.4975,-0.4297571113603198,43.60433479064531,91.33138818895821,1.742774733701849,True,1.0,30.0,-2.218167530622199e-20,74.4975,886,3.003461368500382e-11
74.9975,-0.429990782054969,43.819271468670095,91.85471210917412,1.743551965756427,True,1.0,29.999999999999996,-4.341043854678289e-20,74.9975,888,2.993955083852029e-11
75.4975,-0.43022986939747726,44.03432636130203,92.37728977736823,1.7442679337464122,True,1.0,30.0,-4.896909226313924e-21,75.4975,892,2.9756516695123025e-11
75.9975,-0.4304737730663235,44.24950202553816,92.89913034015618,1.7449244856454342,True,1.0,30.0,1.6781840267475825e-20,75.9975,893,2.966330653331184e-11
76.4975,-0.43072192208241217,44.46480072559769,93.42024334966078,1.7455235466586205,True,1.0,30.0,-7.403597354594619e-20,76.4975,895,2.957151190585705e-11
76.9975,-0.4309737737460509,44.68022444731003,93.94063872473845,1.74606645616672,True,1.0,30.0,4.7883831299469666e-20,76.9975,896,2.9425878400601846e-11
77.4975,-0.43122881259620144,44.89577491204589,94.46032671440838,1.7465548592619633,True,1.0,29.999999999999996,-1.4240741425712924e-20,77.4975,899,2.930327508421371e-11
77.9975,-0.4314865493925807,45.11145359000589,94.97931786352761,1.74699037289067,True,1.0,30.0,-7.411538288475128e-22,77.9975,904,2.916063224223109e-11
78.4975,-0.4317465201196612,45.327261713129616,95.49762298052329,1.7473745863330759,True,1.0,30.0,-2.959321359469712e-20,78.4975,907,2.907248053407585e-11
78.9975,-0.43200828501757066,45.54320028743723,96.01525310710481,1.7477090616936444,True,1.0,30.000000000000004,3.891057601449442e-21,78.9975,910,2.893301570550122e-11
79.4975,-0.4322714276353328,45.75927010497869,96.53221948986574,1.7479954423397122,True,1.0,30.0,-4.8227938434291726e-20,79.4975,915,2.88148810367872e-11
79.9975,-0.4325355539128144,45.97547175517598,97.04853355378822,1.7482354454309377,True,1.0,29.999999999999996,3.160491684442608e-20,79.9975,919,2.867835136033392e-11
80.4975,-0.4328002912874596,46.19180563583656,97.56420687734354,1.7484302244297043,True,1.0,30.000000000000004,5.61159327555974e-21,80.4975,922,2.859362052687331e-11
80.9975,-0.4330652878303065,46.40827196367212,98.07925116928051,1.7485812358943047,True,1.0,30.0,-2.0540548970916783e-20,80.9975,925,2.846016478041946e-11
81.4975,-0.43333021140579586,46.6248707844592,98.59367824686173,1.748689911788048,True,1.0,30.0,-1.1911400820763599e-20,81.4975,930,2.8346353042607575e-11
81.9975,-0.43359474886085336,46.84160198263602,99.10750001575721,1.7487576600152481,True,1.0,30.0,-1.6464202912255463e-20,81.9975,934,2.8264321438875584e-11
82.4975,-0.4338586052409021,47.05846529064467,99.6207284510517,1.7487858649415315,True,1.0,30.0,2.1625809934586356e-20,82.4975,939,2.813424493375294e-11
82.9975,-0.4341215030306153,47.275460297899414,100.13337557968494,1.7487758879226185,True,1.0,30.0,-7.13889955857765e-20,82.9975,942,2.802483245467613e-11
83.4975,-0.43438318142303994,47.492586459203146,100.64545346409247,1.748729167656343,True,1.0,30.0,7.123017690816632e-20,83.4975,945,2.7897704979462645e-11
83.9975,-0.43464339561303794,47.709843102987165,101.15697418694307,1.748647102743493,True,1.0,30.0,-2.5728625772849373e-20,83.9975,947,2.77889378175189e-11
84.4975,-0.434901916117899,47.92722943919501,101.66794983692104,1.7485307795514535,True,1.0,30.0,8.84090638696676e-21,84.4975,948,2.7711069550129253e-11
84.9975,-0.4351585281215043,48.14474456666352,102.17839249565202,1.748381470997038,True,1.0,30.0,2.726387298974779e-20,84.9975,952,2.758726580509574e-11
85.4975,-0.43541303084676986,48.362387480385,102.6883142254074,1.7482004294586577,True,1.0,30.0,-6.016580903465702e-20,85.4975,952,2.7133739699536363e-11
85.9975,-0.4356652369274017,48.58015707829777,103.1977270577914,1.7479888871968348,True,1.0,30.000000000000004,1.1487884347136448e-20,85.9975,955,2.735060788960908e-11
86.4975,-0.43591497186706984,48.79805216798998,103.70664298306383,1.7477480568040193,True,1.0,30.0,1.3041660409756056e-19,86.4975,958,2.7245747324933234e-11
86.9975,-0.43616207343787206,49.01607147281219,104.21507394056816,1.7474791315753095,True,1.0,30.000000000000004,-3.22931311140702e-20,86.9975,958,2.6824001353453752e-11
87.4975,-0.43640639114206087,49.23421363795211,104.72303180962984,1.7471832858733856,True,1.0,30.0,-2.5013941723603557e-20,87.4975,960,2.7052249329528877e-11
87.9975,-0.43664778572919505,49.45247723623732,105.23052840101165,1.7468616754818118,True,1.0,30.0,8.75355611428116e-20,87.9975,962,2.697882195423773e-11
88.4975,-0.4368861286576513,49.67086077356039,105.73757544932253,1.7465154378982082,True,1.0,30.0,2.5199230180815435e-20,88.4975,963,2.6906352146305323e-11
88.9975,-0.4371213016357162,49.889362694083175,106.24418460583773,1.7461456926643177,True,1.0,29.999999999999996,4.973671587158845e-20,88.9975,965,2.7223875931348118e-11
89.4975,-0.4373531961576878,50.10798138528026,106.75036743183155,1.7457535416312115,True,1.0,30.0,2.1811098391798234e-20,89.4975,968,2.7669824764764428e-11
89.9975,-0.43758171306260124,50.32671518280618,107.25613539235651,1.745340069200722,True,1.0,30.0,2.3081647812679684e-20,89.9975,969,2.8487004422039774e-11
90.4975,-0.43780676211218983,50.545562374906254,107.76149985073782,1.7449063425516025,True,1.0,30.0,2.5887444450459554e-20,90.4975,973,2.934249371255859e-11
90.9975,-0.4380282615852842,50.7645212068739,108.26647206325593,1.7444534118271764,True,1.0,30.000000000000004,-5.738648217647885e-20,90.9975,973,2.978717966728439e-11
91.4975,-0.43824613787364297,50.98358988518659,108.77106317444905,1.7439823103229786,True,1.0,29.999999999999996,-7.403597354594619e-20,91.4975,974,3.0569491382692604e-11
91.9975,-0.4384603251389351,51.202766581481264,109.27528421241351,1.7434940546514224,True,1.0,30.0,8.867376166568457e-20,91.9975,976,3.106861989898846e-11
92.4975,-0.4386707649208849,51.422049436368795,109.77914608498057,1.742989644859559,True,1.0,30.0,-3.425189480459577e-20,92.4975,978,3.1926683519145627e-11
92.9975,-0.4388774058097291,51.64143656294416,110.28265957592265,1.7424703585199892,True,1.0,30.0,-3.674005408715528e-20,92.9975,982,3.278878557555487e-11
93.4975,-0.43908020311133455,51.86092605029044,110.7858353414496,1.7419369775559428,True,1.0,30.0,-6.728617974751348e-20,93.4975,984,3.333266301863702e-11
93.9975,-0.4392791185305714,52.08051596683768,111.28868390697596,1.7413903844978773,True,1.0,30.0,6.792145445795421e-20,93.9975,986,3.418688943046533e-11
94.4975,-0.439474119866825,52.30020436332288,111.79121566439369,1.7408315138074695,True,1.0,30.000000000000004,6.723324018831009e-21,94.4975,987,3.5009203869229566e-11
94.9975,-0.43966518072161653,52.51998927583979,112.29344086932262,1.7402612836031466,True,1.0,30.000000000000004,-4.632211430296955e-20,94.9975,989,3.558160016625678e-11
95.4975,-0.4398522802173591,52.73986872876823,112.7953696386128,1.739680742686404,True,1.0,29.999999999999996,-1.1323771713605928e-19,95.4975,991,3.645208440650194e-11
95.9975,-0.4400354027298138,52.95984073728383,113.29701194830012,1.7390910924354057,True,1.0,30.0,1.2229038175983961e-20,95.9975,993,3.7318724499524336e-11
96.4975,-0.4402145376283871,53.1799033100321,113.79837763148612,1.7384927768536336,True,1.0,30.0,1.3976043629695956e-20,96.4975,996,3.820091465378539e-11
96.9975,-0.4403896790281455,53.4000544515515,114.29947637655242,1.737886647955312,True,1.0,30.0,5.479244377551255e-21,96.9975,999,3.910050061506354e-11
97.4975,-0.44056082555218923,53.6202921645614,114.80031772549692,1.7372738018815301,True,1.0,30.0,-1.3347386364155655e-20,97.4975,1001,3.9930447837122074e-11
97.9975,-0.44072798010304304,53.84061445218311,115.30091107245785,1.736655298565192,True,1.0,30.0,-2.4166908776349257e-20,97.9975,1002,4.0721780114605366e-11
98.4975,-0.4408911496427361,54.061019320037495,115.80126566236162,1.7360314721829921,True,1.0,30.0,-3.2597533579489715e-20,98.4975,1006,4.141997161921651e-11
98.9975,-0.44105034498092544,54.281504778170124,116.30139058980889,1.7354032006534128,True,1.0,29.999999999999996,5.360130369343619e-22,98.9975,1009,4.0015372959611994e-11
99.4975,-0.44120558057428977,54.5020688428839,116.80129479792237,1.7347719279591922,True,1.0,30.0,-1.2784903547619596e-20,99.4975,1014,3.835341072511156e-11
99.9975,-0.4413568743284326,54.72270953865104,117.30098707745917,1.734137663348104,True,1.0,30.0,3.5026135857945404e-20,99.9975,1015,3.774290602276409e-11
100.4975,-0.4415042474145547,54.943424899742176,117.8004760660099,1.7335013442732667,True,1.0,30.0,-8.596060925651064e-21,100.4975,1018,3.702650686054909e-11
100.9975,-0.44164772408619546,55.164212971795536,118.29977024734501,1.732864222537541,True,1.0,29.999999999999996,-1.2705494208814505e-21,100.9975,1020,3.397176290276249e-11
101.4975,-0.44178733150828065,55.3850718132202,118.79887795070296,1.732226275169535,True,1.0,30.0,-3.3087224502121107e-22,101.4975,1023,3.28152990891617e-11
101.9975,-0.44192309958965714,55.605999496791156,119.29780735043171,1.7315887172091116,True,1.0,30.000000000000004,2.4524250800972165e-20,101.9975,1025,3.154559252704914e-11
102.4975,-0.44205506082397356,55.82699411083166,119.7965664655203,1.7309521479224594,True,1.0,30.0,2.5391136082927738e-20,102.4975,1027,3.277155630199147e-11
102.9975,-0.442183250133302,56.04805376060844,120.29516315945271,1.7303167481552404,True,1.0,30.0,4.499862532288471e-22,102.9975,1029,3.138862086915495e-11
103.4975,-0.4423077047235441,56.2691765693449,120.7936051397593,1.7296841595929828,True,1.0,30.0,-5.677767724563982e-21,103.4975,1030,2.9898854225773874e-11
103.9975,-0.4424284639398114,56.49036067943021,121.29189995804774,1.729054003410109,True,1.0,30.000000000000004,7.69608841919337e-21,103.9975,1033,2.834575629773184e-11
104.4975,-0.4425455691291794,56.711604253440484,121.79005500993985,1.7284273358708169,True,1.0,30.0,-2.61455248015761e-20,104.4975,1035,2.6713631307018204e-11
104.9975,-0.4426590635093893,56.93290547506422,122.28807753503236,1.7278047915110752,True,1.0,30.000000000000004,-1.7185504406401703e-20,104.9975,1037,2.786977593149942e-11
105.4975,-0.4427689920404941,57.154262550125125,122.78597461723649,1.727186345950236,True,1.0,30.0,4.2847955730246834e-20,105.4975,1039,2.6106596051622688e-11
105.9975,-0.4428754013043024,57.37567370725567,123.28375318463625,1.7265735631666617,True,1.0,30.0,1.831047003947382e-20,105.9975,1040,2.426835121749349e-11
106.4975,-0.44297833938540637,57.59713719875647,123.7814200098891,1.725965937519564,True,1.0,29.999999999999996,-1.7092860177795764e-20,106.4975,1042,2.5355113841829535e-11
106.9975,-0.4430778557570061,57.8186513014071,124.278981710751,1.725364360535115,True,1.0,30.0,-6.50494833711701e-21,106.9975,1043,2.3681126504193628e-11
107.4975,-0.4431740011735378,58.04021431696249,124.77644475009085,1.7247694592839002,True,1.0,30.0,-2.1328024914067266e-20,107.4975,1046,2.3617777872297907e-11
107.9975,-0.44326682756244057,58.26182457285874,125.27381543655697,1.7241810538935418,True,1.0,30.0,1.5074539483166376e-20,107.9975,1047,2.3790919755073414e-11
108.4975,-0.44335638792623183,58.483480422848125,125.77109992524456,1.7236003360564578,True,1.0,30.0,2.8713093422940697e-20,108.4975,1050,2.4105095523807574e-11
108.9975,-0.4434427362415581,58.705180247317124,126.26830421787717,1.7230271631072893,True,1.0,30.0,1.0971723644903359e-20,108.9975,1051,2.428331234011205e-11
109.4975,-0.4435259273680075,58.92692245398169,126.76543416393977,1.722461660803311,True,1.0,30.0,-1.5809075867113465e-20,109.4975,1054,2.4587202065995406e-11
109.9975,-0.44360601695440927,59.14870547807411,127.26249546090531,1.7219050281254487,True,1.0,30.0,1.257314531080602e-20,109.9975,1056,2.4391131475676175e-11
110.4975,-0.4436830613544992,59.37052778294321,127.7594936554397,1.721356833218351,True,1.0,30.0,3.776575804672103e-20,110.4975,1059,2.475711996519081e-11
110.9975,-0.44375711754122954,59.59238786019376,128.25643414388202,1.7208172812728908,True,1.0,30.0,-2.9904233505017057e-20,110.9975,1061,2.5099691422503234e-11
111.4975,-0.44382824302624635,59.814284230047576,128.7533221732385,1.720287205469655,True,1.0,30.0,-2.150669592637872e-20,111.4975,1064,2.520541067529969e-11
111.9975,-0.4438964957809787,60.03621544168158,129.2501628423979,1.7197665923114895,True,1.0,30.0,5.2476338060364076e-21,111.9975,1066,2.557339756625865e-11
112.4975,-0.44396193416370844,60.258180073260654,129.7469611025846,1.7192553883569357,True,1.0,30.0,8.02696066421458e-21,112.4975,1067,2.5771159511966957e-11
112.9975,-0.4440246168462017,60.480176732305445,130.24372175901345,1.7187538173093724,True,1.0,29.999999999999996,-9.039429733979486e-21,112.9975,1070,2.614235737607995e-11
113.4975,-0.44408460274494516,60.702204055635136,130.74044947140527,1.718262480546037,True,1.0,30.0,1.4584848560534984e-20,113.4975,1074,2.620029887490105e-11
113.9975,-0.4441419509514742,60.92426070965843,131.23714875571338,1.717781361525612,True,1.0,30.0,2.631757836898713e-20,113.9975,1076,2.6416591136779743e-11
114.4975,-0.4441967206734689,61.14634539035343,131.7338239850506,1.7173103669382266,True,1.0,30.0,-2.0011153378882846e-20,114.4975,1078,2.6792295812483324e-11
114.9975,-0.4442489711691547,61.3684568232402,132.2304793907682,1.7168496336001664,True,1.0,30.0,-3.089685024008069e-20,114.9975,1080,2.698804027478907e-11
115.4975,-0.44429876168991245,61.59059376357562,132.72711906432582,1.7163992775425072,True,1.0,30.000000000000004,-1.4002513409297652e-20,115.4975,1084,2.731133201538949e-11
115.9975,-0.4443461514218064,61.81275499611789,133.22374695801992,1.7159593940414442,True,1.0,29.999999999999996,-1.9382496113342544e-20,115.9975,1087,2.749246143241013e-11
116.4975,-0.4443911994329121,62.03493933530631,133.72036688707644,1.7155300576891295,True,1.0,30.0,-2.713814153663973e-20,116.4975,1090,2.7865236160162787e-11
116.9975,-0.4444339646208206,62.25714562495949,134.21698253043306,1.7151113224096803,True,1.0,30.0,-8.741644713460396e-21,116.9975,1093,2.8017477227137988e-11
117.4975,-0.44447450566098756,62.47937273839676,134.7135974329707,1.7147032495373769,True,1.0,30.0,-2.0514079191315086e-20,117.4975,1096,2.8400353249691257e-11
117.9975,-0.44451288096110414,62.70161957811063,135.21021500640842,1.714305812804523,True,1.0,30.0,2.771385924297664e-20,117.9975,1100,2.8017844988514895e-11
118.4975,-0.4445491486146659,62.923885075792995,135.706838531415,1.713918954240599,True,1.0,30.0,3.129389693410614e-20,118.4975,1106,2.8110949332194046e-11
118.9975,-0.4445833663546974,63.14616819210697,136.20347115922613,1.7135427525227942,True,1.0,30.0,2.760798012456985e-20,118.9975,1107,2.8485521233467814e-11
119.4975,-0.4446155915167719,63.36846791638392,136.7001159128753,1.713177114874813,True,1.0,30.0,2.9381455357883543e-21,119.4975,1111,2.8668099144590897e-11
119.9975,-0.4446458809957648,63.59078326663997,137.19677568970377,1.7128219732556336,True,1.0,29.999999999999996,3.478129039662971e-20,119.9975,1116,2.8950406308347887e-11
120.0,-0.4446460276746935,63.59189488103809,137.19925903104067,1.7128202079126573,True,1.0,30.000000000000004,4.4231001714435496e-20,120.0,1116,2.8951377753494434e-11
