t,dt,h,F_spread,F_at_h,z_min,z_max,min_nz,max_slope,max_drift,stretch_max,stretch_min,h_frozen
154952.45979948647,0.0,4.624987768111159,0.0008658142710555178,-0.01684554375002774,-11.571927914044998,4.624987768111163,0.5034789043208339,1.7160749171296206,0.00011634533216424789,1.9860946173853944,0.9980352508098036,
155002.45979948647,50.0,4.649170035966519,0.0008393562490241731,-2.0242753615037196e-09,-11.58704177758753,4.649170035966524,0.5021202994346134,1.7222920157479018,0.0010368275088322978,1.9905545141603227,0.9980356969893681,
155102.45979948647,100.0,4.688308200984616,0.0008686933021952753,1.735263891264197e-10,-11.617702341568677,4.688308200984618,0.49907744108360436,1.736318489482424,0.003020601322083026,2.0005856359765404,0.9980363665315367,
155302.45979948647,200.0,4.75882822130485,0.0008922053798699526,8.244012937586032e-11,-11.679655285870082,4.758828221304854,0.4921261030989491,1.7689041821722202,0.007129965880925447,2.0237272689437926,0.9980354014426144,
155702.45979948647,400.0,4.895744246512935,0.0009132058401860911,1.0714197622640684e-11,-11.806420400198967,4.895744246512937,0.4781695409301918,1.8367283468428954,0.015786478897678913,2.071899953900698,0.9980327797450183,
156502.45979948647,800.0,5.180580366864736,0.0009510743377868538,-7.691262739000469e-11,-12.079475206842783,5.1805803668647386,0.4491342396542298,1.9893034411210548,0.03537115730827478,2.178773326789549,0.9916227455433949,
157997.82262417153,1495.362824685048,5.793786577132155,0.0010217233166051236,-4.769642525988965e-14,-12.690386373641282,5.79378657713216,0.38722161629135243,2.381030994470771,0.08513590167109951,2.437169818683356,0.9547222757266451,
159275.37412668398,1277.5515025124403,6.42917624617217,0.0010661085070691437,-3.082102444356555e-13,-13.282936584962432,6.429176246172179,0.3248449585954316,2.9114420821234126,0.15167650213671455,2.7520298300056085,0.9172803721663138,
160301.98062652446,1026.6064998404756,7.033366653061325,0.0010572303859971146,-1.791037614442062e-13,-13.811169091811886,7.033366653061331,0.2697792469607904,3.5692967790264705,0.22679317664200518,3.08527854141748,0.8823251640023381,
161138.44268702803,836.4620605035855,7.599335534765284,0.0009738500756782474,-7.921465675249373e-14,-14.279458193987626,7.599335534765292,0.21618703410593648,4.51623739824086,0.30778655990667714,3.426089590769019,0.8500956271892982,
161835.04293986553,696.6002528374979,8.12799424514,0.0008817923654687989,-3.879036848675188e-14,-14.705075194541706,8.127994245140005,0.16870186271971754,5.842657035409744,0.40495722673143203,3.7846864699929066,0.820394271182158,
162414.65562254607,579.6126826805544,8.61002144231739,0.0007334864548390101,-4.2814330639823206e-15,-15.106177670068908,8.610021442317407,0.12783187938232346,7.758595555904937,0.5125190012503544,4.187745270669392,0.7936018230934581,
162904.9718337997,490.3162112536429,9.045757567637413,0.0005024483620743761,-4.657696270771866e-09,-15.467380500321191,9.045757567637423,0.09273061650759241,10.737459440548383,0.6447598919186031,4.688188200412613,0.769554507917886,
163320.27789629117,415.3060624914557,9.426437008425363,0.0004362365422436916,-3.4132742858798866e-10,-15.796615490842687,9.426437008425369,0.06044251490079517,16.514396885324828,0.8214776349562694,5.365915320186236,0.7485790558967786,
163644.01044839178,323.73255210061245,9.70490755800463,0.0010383356983930017,2.8888449800715255e-09,-16.0843152831897,9.704907558004637,0.019198629183522276,52.077451977229906,1.0590499546111687,6.38021983992516,0.7330029743657824,
163853.62378352528,209.6133351334982,9.891860976592179,0.0014279318938322941,-5.311927246264177e-11,-16.310657414174717,9.891860976592184,-0.0066362297253975385,inf,1.3141202882894494,6.719838596529269,0.6801917835038386,
164184.9710613032,331.3472777779112,10.22011690151323,0.0020266210835410215,-6.680415227076908e-13,-16.706605152451008,10.220116901513236,-0.0510389987618495,inf,1.7860904580719523,7.196741114628724,0.5717518803729544,
164514.12896017957,329.15789887637925,10.60701302515868,0.002710809329922151,-1.2592835818168654e-11,-17.129325790866023,10.61004483721238,-0.10044459219358602,inf,2.333414613220339,7.732174063378808,0.4066670041648655,
164815.36770736956,301.2387471899749,10.95213978522331,0.0035691779349266988,6.240841190726688e-12,-17.54440186433108,10.96435284863762,-0.14900331703570402,inf,2.9140768162042137,8.342264932290966,0.24791424115981298,
164875.36770736956,60.0,10.951454793308168,0.0036823079071571607,2.9736136228602876e-11,-17.630448008347262,10.96030043875571,-0.15986024823593117,inf,3.0398222651144904,8.478660277574868,0.24540691802214,0
164995.36770736956,120.0,10.968305273790092,0.004511536897822634,-5.916037641327462e-11,-17.80554181596282,10.977881912121363,-0.18024256783836104,inf,3.3001848506844933,8.77099623876848,0.23607825534175697,0
165145.36770736956,150.0,10.97066046921605,0.005412192560928517,1.6010305126877003e-09,-18.03025642680161,10.983351421037073,-0.20319098293314514,inf,3.642835226579035,9.181835297555754,0.23361719009502468,0
165295.36770736956,150.0,10.973233491059128,0.006272159371519398,3.2046074466469433e-11,-18.26233202750593,10.992862135145872,-0.22411263749648697,inf,4.0237495589124075,9.656463386713842,0.23216298420008727,0
165445.36770736956,150.0,10.974181832200244,0.007088812265172657,4.332783433522603e-12,-18.503007511780744,11.004317097950546,-0.24359330671088888,inf,4.445899680125963,10.588350390781951,0.23201534002420005,0
165595.36770736956,150.0,10.974762186768558,0.007946234197081134,2.868755004395104e-10,-18.827336489334762,11.020270701649217,-0.2615420237968593,inf,4.906242888847363,11.732704094241367,0.23270938247167178,0
165745.36770736956,150.0,10.974308501422387,0.008966489879162216,2.8865132799987033e-09,-19.18287517120336,11.043900329231747,-0.27729740763488303,inf,5.409398713073293,13.145931150148774,0.23474617683276683,0
165895.36770736956,150.0,10.967275233735993,0.01041794568279667,2.6128132445032417e-10,-19.560956170764264,11.069278282551004,-0.2973680972836435,inf,5.958477005208438,14.903686997752384,0.24102549872531698,0
166045.36770736956,150.0,10.903660759113194,0.01288797692946789,-3.626635711846075e-11,-19.96573676267163,11.036810236346547,-0.3293828676577126,inf,6.552568623670145,17.082460817809526,0.27498063840512504,0
166186.97358434022,141.60587697066413,10.778299514091009,0.01682948508794242,-2.9127079510782826e-10,-20.37457838386602,10.940309497500762,-0.3663459512588721,inf,7.149351572126565,19.57193962395249,0.3398776549807671,0
166312.20297701439,125.22939267416002,10.661266819022684,0.021544711758496787,3.628202881363063e-13,-20.756690952272237,10.84216408260506,-0.4079605329843802,inf,7.700639186558831,22.141359505521404,0.3901251815702327,0
166423.689843311,111.48686629660433,10.577839923639976,0.026219553125078742,-7.435818188397322e-11,-21.110315520094794,10.769736094556905,-0.45034870341350236,inf,8.205701039562998,24.728360922644395,0.41777283413059024,0
166524.61219039172,100.92234708070525,10.531951906252132,0.030557867257586958,-1.531595767638276e-09,-21.503332027295993,10.731018726148253,-0.491798740540258,inf,8.67105236883994,27.323337020359062,0.43300232812683814,0
166617.51173205586,92.89954166414515,10.518357974222347,0.034631029239532436,-6.7756127343976055e-09,-21.900492691701423,10.723424521420446,-0.5316136765568308,inf,9.103391188068384,29.935146069046436,0.43767059800818436,0
166704.24945567042,86.73772361456477,10.529832339148532,0.038685910147693105,-2.2237381749369567e-12,-22.322853530725382,10.74085937652456,-0.569624405127283,inf,9.508091298739824,32.573997962548596,0.4341388800432165,0
166786.15843221956,81.90897654914774,10.556505066143808,0.04371914924485008,-1.88248745042717e-10,-22.72981310206436,10.772252267076865,-0.6058143933185097,inf,9.888526168571854,35.23375571069575,0.42557564668468445,0
166864.15658917706,77.99815695748995,10.595722034817681,0.04556087978179831,8.129552431679777e-09,-23.1468462676979,10.818328730454052,-0.6400247119117334,inf,10.251897584563011,37.969829966805754,0.4128546927438157,0
166939.1262153653,74.96962618823521,10.642033349758135,0.03649418174673122,-4.6395736715389505e-10,-23.635670506453344,10.87103975637261,-0.6720307028791734,inf,10.609084257753182,40.82628885900956,0.1545916290426808,0
